{
 "type": "FeatureCollection",
 "features": [
  {
   "type": "Feature",
   "id": 1,
   "geometry": {
    "type": "MultiPolygon",
    "coordinates": [
     [
      [
       [
        7.4560626,
        46.9560347
       ],
       [
        7.4558148,
        46.9561022
       ],
       [
        7.4557077,
        46.9559185
       ],
       [
        7.4554907,
        46.9559777
       ],
       [
        7.4553045,
        46.955893
       ],
       [
        7.455353,
        46.9558032
       ],
       [
        7.4553804,
        46.9557269
       ],
       [
        7.4555984,
        46.9556675
       ],
       [
        7.4557776,
        46.9556185
       ],
       [
        7.4558138,
        46.9556087
       ],
       [
        7.4560626,
        46.9560347
       ]
      ]
     ]
    ]
   },
   "properties": {
    "fid": 1,
    "egrid": null,
    "site_fid": 1,
    "parcel_number": "236",
    "municipality_bfs": null,
    "address_street": "Blumenbergstrasse",
    "address_house_number": "39",
    "address_postal_code": null,
    "address_locality": "Bern",
    "address_region": null,
    "address_country": null,
    "address_full": "Blumenbergstrasse 39, Bern",
    "owner": 2,
    "responsible_actor_fid": 2,
    "area_m2": 1666.3,
    "perimeter": 182.98123021662616,
    "lv95_east": 2601294.7,
    "lv95_north": 1200529.89
   }
  },
  {
   "type": "Feature",
   "id": 2,
   "geometry": {
    "type": "MultiPolygon",
    "coordinates": [
     [
      [
       [
        7.4463904,
        46.9400719
       ],
       [
        7.4467513,
        46.9400901
       ],
       [
        7.4472942,
        46.9401186
       ],
       [
        7.4473071,
        46.9401195
       ],
       [
        7.4473198,
        46.9401217
       ],
       [
        7.4473318,
        46.9401251
       ],
       [
        7.4473431,
        46.9401296
       ],
       [
        7.447353,
        46.9401355
       ],
       [
        7.4473614,
        46.9401424
       ],
       [
        7.4473681,
        46.9401501
       ],
       [
        7.447373,
        46.9401585
       ],
       [
        7.4475155,
        46.9404038
       ],
       [
        7.447543,
        46.9404574
       ],
       [
        7.4475673,
        46.9405117
       ],
       [
        7.4476881,
        46.940812
       ],
       [
        7.4470726,
        46.9409276
       ],
       [
        7.4471014,
        46.9409984
       ],
       [
        7.4468444,
        46.9410477
       ],
       [
        7.4468458,
        46.9410192
       ],
       [
        7.4466501,
        46.9407855
       ],
       [
        7.4463667,
        46.9407335
       ],
       [
        7.4462739,
        46.9406438
       ],
       [
        7.4462197,
        46.9405401
       ],
       [
        7.4462079,
        46.9404914
       ],
       [
        7.4461722,
        46.9402669
       ],
       [
        7.4461698,
        46.940232
       ],
       [
        7.4461766,
        46.9401877
       ],
       [
        7.4461941,
        46.9401444
       ],
       [
        7.4462094,
        46.9401208
       ],
       [
        7.446231,
        46.9400997
       ],
       [
        7.4462579,
        46.9401101
       ],
       [
        7.4462849,
        46.9400925
       ],
       [
        7.4463173,
        46.9400798
       ],
       [
        7.4463531,
        46.9400728
       ],
       [
        7.4463904,
        46.9400719
       ]
      ]
     ]
    ]
   },
   "properties": {
    "fid": 2,
    "egrid": null,
    "site_fid": 2,
    "parcel_number": "309",
    "municipality_bfs": null,
    "address_street": "Archivstrasse",
    "address_house_number": "24",
    "address_postal_code": null,
    "address_locality": "Bern",
    "address_region": null,
    "address_country": null,
    "address_full": "Archivstrasse 24, Bern",
    "owner": 1,
    "responsible_actor_fid": 2,
    "area_m2": 8590.7,
    "perimeter": 374.4492316545183,
    "lv95_east": 2600631.25,
    "lv95_north": 1198833.75
   }
  },
  {
   "type": "Feature",
   "id": 3,
   "geometry": {
    "type": "MultiPolygon",
    "coordinates": [
     [
      [
       [
        7.4462708,
        46.9370813
       ],
       [
        7.4472913,
        46.9370646
       ],
       [
        7.4473002,
        46.9373267
       ],
       [
        7.4472717,
        46.9373466
       ],
       [
        7.4472793,
        46.9375729
       ],
       [
        7.4472785,
        46.937581
       ],
       [
        7.4472754,
        46.9375888
       ],
       [
        7.4472701,
        46.937596
       ],
       [
        7.4472629,
        46.9376024
       ],
       [
        7.4472539,
        46.9376077
       ],
       [
        7.4472435,
        46.9376117
       ],
       [
        7.4472322,
        46.9376142
       ],
       [
        7.4472204,
        46.9376152
       ],
       [
        7.4463599,
        46.9376287
       ],
       [
        7.4463457,
        46.9376281
       ],
       [
        7.4463319,
        46.9376256
       ],
       [
        7.4463192,
        46.9376212
       ],
       [
        7.446308,
        46.9376152
       ],
       [
        7.4462989,
        46.9376078
       ],
       [
        7.4462921,
        46.9375993
       ],
       [
        7.446288,
        46.93759
       ],
       [
        7.4462867,
        46.9375804
       ],
       [
        7.4462708,
        46.9370813
       ]
      ]
     ]
    ]
   },
   "properties": {
    "fid": 3,
    "egrid": null,
    "site_fid": 3,
    "parcel_number": "668",
    "municipality_bfs": null,
    "address_street": "Einsteinstrasse",
    "address_house_number": "2",
    "address_postal_code": null,
    "address_locality": "Bern",
    "address_region": null,
    "address_country": null,
    "address_full": "Einsteinstrasse 2, Bern",
    "owner": 1,
    "responsible_actor_fid": 2,
    "area_m2": 4667.3,
    "perimeter": 272.04539068515146,
    "lv95_east": 2600620.57,
    "lv95_north": 1198471.87
   }
  },
  {
   "type": "Feature",
   "id": 4,
   "geometry": {
    "type": "MultiPolygon",
    "coordinates": [
     [
      [
       [
        7.4481964,
        46.9443669
       ],
       [
        7.4485463,
        46.944402
       ],
       [
        7.4485327,
        46.9444669
       ],
       [
        7.4485399,
        46.9444992
       ],
       [
        7.448431,
        46.9445098
       ],
       [
        7.4483264,
        46.9445126
       ],
       [
        7.4482207,
        46.9445032
       ],
       [
        7.4473847,
        46.9443742
       ],
       [
        7.4474775,
        46.944098
       ],
       [
        7.4475531,
        46.9440632
       ],
       [
        7.447552,
        46.9440418
       ],
       [
        7.4476697,
        46.9440729
       ],
       [
        7.4478768,
        46.9441066
       ],
       [
        7.4481128,
        46.9441458
       ],
       [
        7.4481433,
        46.9441531
       ],
       [
        7.4481709,
        46.9441645
       ],
       [
        7.4481947,
        46.9441793
       ],
       [
        7.4482137,
        46.944197
       ],
       [
        7.448234,
        46.9442385
       ],
       [
        7.4482382,
        46.9442822
       ],
       [
        7.4482255,
        46.9443264
       ],
       [
        7.4481964,
        46.9443669
       ]
      ]
     ]
    ]
   },
   "properties": {
    "fid": 4,
    "egrid": null,
    "site_fid": 4,
    "parcel_number": "52",
    "municipality_bfs": null,
    "address_street": "Feldeggweg",
    "address_house_number": "1",
    "address_postal_code": null,
    "address_locality": "Bern",
    "address_region": null,
    "address_country": null,
    "address_full": "Feldeggweg 1, Bern",
    "owner": 1,
    "responsible_actor_fid": 2,
    "area_m2": 2586.1,
    "perimeter": 242.22953957128848,
    "lv95_east": 2600700.22,
    "lv95_north": 1199241.58
   }
  },
  {
   "type": "Feature",
   "id": 5,
   "geometry": {
    "type": "MultiPolygon",
    "coordinates": [
     [
      [
       [
        7.4488258,
        46.9414826
       ],
       [
        7.4489684,
        46.9409397
       ],
       [
        7.4506495,
        46.9411473
       ],
       [
        7.4505014,
        46.9417139
       ],
       [
        7.4495345,
        46.9415945
       ],
       [
        7.4495369,
        46.9415851
       ],
       [
        7.4493029,
        46.9415563
       ],
       [
        7.4493065,
        46.9415422
       ],
       [
        7.4488258,
        46.9414826
       ]
      ]
     ]
    ]
   },
   "properties": {
    "fid": 5,
    "egrid": null,
    "site_fid": 5,
    "parcel_number": "947",
    "municipality_bfs": null,
    "address_street": "Hallwylstrasse",
    "address_house_number": "15",
    "address_postal_code": null,
    "address_locality": "Bern",
    "address_region": null,
    "address_country": null,
    "address_full": "Hallwylstrasse 15, Bern",
    "owner": 1,
    "responsible_actor_fid": 2,
    "area_m2": 8206.4,
    "perimeter": 388.1310315840851,
    "lv95_east": 2600845.55,
    "lv95_north": 1198914.15
   }
  },
  {
   "type": "Feature",
   "id": 6,
   "geometry": {
    "type": "MultiPolygon",
    "coordinates": [
     [
      [
       [
        7.4485286,
        46.9609082
       ],
       [
        7.4485359,
        46.9609083
       ],
       [
        7.4485431,
        46.9609093
       ],
       [
        7.4485499,
        46.9609111
       ],
       [
        7.4485562,
        46.9609137
       ],
       [
        7.4489122,
        46.9610943
       ],
       [
        7.4487243,
        46.9612681
       ],
       [
        7.4486435,
        46.9612272
       ],
       [
        7.448606,
        46.9612082
       ],
       [
        7.4483899,
        46.9614078
       ],
       [
        7.4480764,
        46.9612495
       ],
       [
        7.4480702,
        46.9612456
       ],
       [
        7.4480653,
        46.9612408
       ],
       [
        7.448062,
        46.9612355
       ],
       [
        7.4480605,
        46.9612297
       ],
       [
        7.4480608,
        46.961224
       ],
       [
        7.4480629,
        46.9612184
       ],
       [
        7.4480667,
        46.9612132
       ],
       [
        7.4480721,
        46.9612087
       ],
       [
        7.4485024,
        46.9609163
       ],
       [
        7.4485081,
        46.9609131
       ],
       [
        7.4485144,
        46.9609107
       ],
       [
        7.4485213,
        46.960909
       ],
       [
        7.4485286,
        46.9609082
       ]
      ]
     ]
    ]
   },
   "properties": {
    "fid": 6,
    "egrid": null,
    "site_fid": 10,
    "parcel_number": "228",
    "municipality_bfs": null,
    "address_street": "Wylerstrasse",
    "address_house_number": "52",
    "address_postal_code": null,
    "address_locality": "Bern",
    "address_region": null,
    "address_country": null,
    "address_full": "Wylerstrasse 52, Bern",
    "owner": 1,
    "responsible_actor_fid": 2,
    "area_m2": 1774.3,
    "perimeter": 182.0015069537916,
    "lv95_east": 2600751.33,
    "lv95_north": 1201119.36
   }
  },
  {
   "type": "Feature",
   "id": 7,
   "geometry": {
    "type": "MultiPolygon",
    "coordinates": [
     [
      [
       [
        7.4496454,
        46.9548787
       ],
       [
        7.4496385,
        46.9548862
       ],
       [
        7.4496297,
        46.9548926
       ],
       [
        7.4496192,
        46.9548977
       ],
       [
        7.4496074,
        46.9549013
       ],
       [
        7.449202,
        46.9549936
       ],
       [
        7.4491894,
        46.9549955
       ],
       [
        7.4491766,
        46.9549957
       ],
       [
        7.4491639,
        46.9549942
       ],
       [
        7.4491518,
        46.954991
       ],
       [
        7.4491409,
        46.9549863
       ],
       [
        7.4491316,
        46.9549803
       ],
       [
        7.4491241,
        46.9549731
       ],
       [
        7.4491189,
        46.9549651
       ],
       [
        7.4489207,
        46.954558
       ],
       [
        7.4489189,
        46.9545528
       ],
       [
        7.4489186,
        46.9545475
       ],
       [
        7.4489199,
        46.9545422
       ],
       [
        7.4489226,
        46.9545372
       ],
       [
        7.4489269,
        46.9545327
       ],
       [
        7.4489323,
        46.9545289
       ],
       [
        7.4489387,
        46.954526
       ],
       [
        7.4489459,
        46.9545239
       ],
       [
        7.4494381,
        46.9544119
       ],
       [
        7.4496488,
        46.9548444
       ],
       [
        7.4496517,
        46.954853
       ],
       [
        7.449652,
        46.9548618
       ],
       [
        7.4496499,
        46.9548705
       ],
       [
        7.4496454,
        46.9548787
       ]
      ]
     ]
    ]
   },
   "properties": {
    "fid": 7,
    "egrid": null,
    "site_fid": 11,
    "parcel_number": "1237",
    "municipality_bfs": null,
    "address_street": "Viktoriastrasse",
    "address_house_number": "85",
    "address_postal_code": null,
    "address_locality": "Bern",
    "address_region": null,
    "address_country": null,
    "address_full": "Viktoriastrasse 85, Bern",
    "owner": 1,
    "responsible_actor_fid": 2,
    "area_m2": 2354.7,
    "perimeter": 190.81216595613677,
    "lv95_east": 2600810.87,
    "lv95_north": 1200402.31
   }
  },
  {
   "type": "Feature",
   "id": 8,
   "geometry": {
    "type": "MultiPolygon",
    "coordinates": [
     [
      [
       [
        7.4792373,
        46.973506
       ],
       [
        7.4792687,
        46.9735059
       ],
       [
        7.4793403,
        46.9735
       ],
       [
        7.4794005,
        46.9735021
       ],
       [
        7.4794595,
        46.9735105
       ],
       [
        7.4794505,
        46.9734825
       ],
       [
        7.4793479,
        46.9731653
       ],
       [
        7.4797889,
        46.9730994
       ],
       [
        7.47996,
        46.9730815
       ],
       [
        7.4800123,
        46.9730792
       ],
       [
        7.480149,
        46.9730761
       ],
       [
        7.4802463,
        46.9730779
       ],
       [
        7.4802522,
        46.9730964
       ],
       [
        7.4804922,
        46.9738514
       ],
       [
        7.4804649,
        46.9738644
       ],
       [
        7.4804338,
        46.9738726
       ],
       [
        7.4798645,
        46.9739507
       ],
       [
        7.4797125,
        46.9739683
       ],
       [
        7.4795568,
        46.9739879
       ],
       [
        7.4793265,
        46.9740245
       ],
       [
        7.4792645,
        46.9740364
       ],
       [
        7.4792342,
        46.9740475
       ],
       [
        7.4792122,
        46.9740572
       ],
       [
        7.4791769,
        46.9738735
       ],
       [
        7.4791326,
        46.9736453
       ],
       [
        7.4792075,
        46.9736158
       ],
       [
        7.4791736,
        46.9735759
       ],
       [
        7.4792456,
        46.9735473
       ],
       [
        7.4792688,
        46.9735407
       ],
       [
        7.4792373,
        46.973506
       ]
      ]
     ]
    ]
   },
   "properties": {
    "fid": 8,
    "egrid": null,
    "site_fid": 13,
    "parcel_number": "7100",
    "municipality_bfs": null,
    "address_street": "Worblentalstrasse",
    "address_house_number": "68",
    "address_postal_code": null,
    "address_locality": "Ittigen",
    "address_region": null,
    "address_country": null,
    "address_full": "Worblentalstrasse 68, Ittigen",
    "owner": 1,
    "responsible_actor_fid": 2,
    "area_m2": 7929.6,
    "perimeter": 384.8850930808096,
    "lv95_east": 2603133,
    "lv95_north": 1202499.75
   }
  },
  {
   "type": "Feature",
   "id": 9,
   "geometry": {
    "type": "MultiPolygon",
    "coordinates": [
     [
      [
       [
        7.4727481,
        46.9766985
       ],
       [
        7.4727462,
        46.9766963
       ],
       [
        7.472746,
        46.9766961
       ],
       [
        7.4727459,
        46.9766961
       ],
       [
        7.4726909,
        46.9766477
       ],
       [
        7.4726903,
        46.9766468
       ],
       [
        7.4726832,
        46.9766412
       ],
       [
        7.4726797,
        46.9766385
       ],
       [
        7.4725835,
        46.9765555
       ],
       [
        7.4725825,
        46.9765546
       ],
       [
        7.472556,
        46.9765318
       ],
       [
        7.4725521,
        46.9765283
       ],
       [
        7.4725058,
        46.9764884
       ],
       [
        7.4725035,
        46.9764864
       ],
       [
        7.4724343,
        46.9764267
       ],
       [
        7.4724192,
        46.9764142
       ],
       [
        7.4724108,
        46.9764073
       ],
       [
        7.4724108,
        46.9764072
       ],
       [
        7.4724223,
        46.976401
       ],
       [
        7.4724131,
        46.9763942
       ],
       [
        7.4716656,
        46.9757482
       ],
       [
        7.471665,
        46.9757486
       ],
       [
        7.471664,
        46.9757477
       ],
       [
        7.4716765,
        46.9757408
       ],
       [
        7.471895,
        46.9756251
       ],
       [
        7.4722904,
        46.9754566
       ],
       [
        7.4727796,
        46.9752369
       ],
       [
        7.4729829,
        46.9751001
       ],
       [
        7.4730284,
        46.9750637
       ],
       [
        7.4733895,
        46.9746942
       ],
       [
        7.4734553,
        46.9747504
       ],
       [
        7.473927,
        46.9744503
       ],
       [
        7.4739808,
        46.9744964
       ],
       [
        7.4741714,
        46.9746598
       ],
       [
        7.4739775,
        46.9747658
       ],
       [
        7.4740185,
        46.974801
       ],
       [
        7.4741852,
        46.9747099
       ],
       [
        7.474509,
        46.9749875
       ],
       [
        7.4745488,
        46.9750218
       ],
       [
        7.4744778,
        46.9750607
       ],
       [
        7.4744288,
        46.9750184
       ],
       [
        7.4743321,
        46.975071
       ],
       [
        7.4745111,
        46.9752252
       ],
       [
        7.4735337,
        46.9757558
       ],
       [
        7.4735179,
        46.9757689
       ],
       [
        7.4735055,
        46.9757836
       ],
       [
        7.4734966,
        46.9757995
       ],
       [
        7.4734917,
        46.9758162
       ],
       [
        7.4734908,
        46.9758332
       ],
       [
        7.4734939,
        46.9758501
       ],
       [
        7.4735009,
        46.9758664
       ],
       [
        7.4735118,
        46.9758817
       ],
       [
        7.4735664,
        46.9759394
       ],
       [
        7.4736175,
        46.9760159
       ],
       [
        7.4736235,
        46.9760319
       ],
       [
        7.4736248,
        46.9760483
       ],
       [
        7.473619,
        46.976086
       ],
       [
        7.473605,
        46.9761226
       ],
       [
        7.473583,
        46.9761573
       ],
       [
        7.4735537,
        46.9761894
       ],
       [
        7.4735004,
        46.9762326
       ],
       [
        7.4734039,
        46.9763015
       ],
       [
        7.4734038,
        46.9763024
       ],
       [
        7.4733608,
        46.9763327
       ],
       [
        7.4733551,
        46.9763379
       ],
       [
        7.4733176,
        46.9763647
       ],
       [
        7.4731777,
        46.9764593
       ],
       [
        7.47309,
        46.9765129
       ],
       [
        7.4730868,
        46.9765149
       ],
       [
        7.4730814,
        46.9765182
       ],
       [
        7.4730742,
        46.9765226
       ],
       [
        7.4730311,
        46.976549
       ],
       [
        7.4729705,
        46.9765825
       ],
       [
        7.4728781,
        46.9766336
       ],
       [
        7.4728417,
        46.9766518
       ],
       [
        7.4728405,
        46.9766524
       ],
       [
        7.4728303,
        46.9766575
       ],
       [
        7.4728234,
        46.9766609
       ],
       [
        7.4727885,
        46.9766783
       ],
       [
        7.4727781,
        46.9766836
       ],
       [
        7.472778,
        46.9766836
       ],
       [
        7.4727481,
        46.9766985
       ]
      ]
     ]
    ]
   },
   "properties": {
    "fid": 9,
    "egrid": null,
    "site_fid": 14,
    "parcel_number": "7290",
    "municipality_bfs": null,
    "address_street": "Mühlestrasse",
    "address_house_number": "2-6",
    "address_postal_code": null,
    "address_locality": "Ittigen",
    "address_region": null,
    "address_country": null,
    "address_full": "Mühlestrasse 2-6, Ittigen",
    "owner": 1,
    "responsible_actor_fid": 2,
    "area_m2": 23477.4,
    "perimeter": 760.6265596067974,
    "lv95_east": 2602616,
    "lv95_north": 1202719.54
   }
  },
  {
   "type": "Feature",
   "id": 10,
   "geometry": {
    "type": "MultiPolygon",
    "coordinates": [
     [
      [
       [
        7.4168384,
        46.94711
       ],
       [
        7.4168482,
        46.9471023
       ],
       [
        7.4166045,
        46.9469573
       ],
       [
        7.4167848,
        46.9469491
       ],
       [
        7.4167801,
        46.9468879
       ],
       [
        7.4170015,
        46.9468792
       ],
       [
        7.4171374,
        46.9468739
       ],
       [
        7.4172221,
        46.9468706
       ],
       [
        7.4174428,
        46.946862
       ],
       [
        7.4178033,
        46.9468479
       ],
       [
        7.4177958,
        46.9468893
       ],
       [
        7.4177815,
        46.9469108
       ],
       [
        7.4177615,
        46.94693
       ],
       [
        7.4176139,
        46.9470466
       ],
       [
        7.4172337,
        46.9473469
       ],
       [
        7.4171981,
        46.9473257
       ],
       [
        7.4170602,
        46.9472437
       ],
       [
        7.4170615,
        46.9472427
       ],
       [
        7.4168384,
        46.94711
       ]
      ]
     ]
    ]
   },
   "properties": {
    "fid": 10,
    "egrid": null,
    "site_fid": 15,
    "parcel_number": "3672, 2058, 2041",
    "municipality_bfs": null,
    "address_street": "Güterstrasse",
    "address_house_number": "24-26",
    "address_postal_code": null,
    "address_locality": "Bern",
    "address_region": null,
    "address_country": null,
    "address_full": "Güterstrasse 24-26, Bern",
    "owner": 1,
    "responsible_actor_fid": 2,
    "area_m2": 2613.3,
    "perimeter": 235.67518764113296,
    "lv95_east": 2598367.54,
    "lv95_north": 1199554.63
   }
  },
  {
   "type": "Feature",
   "id": 11,
   "geometry": {
    "type": "MultiPolygon",
    "coordinates": [
     [
      [
       [
        7.4430767,
        46.9448568
       ],
       [
        7.4430785,
        46.9448588
       ],
       [
        7.4430796,
        46.944861
       ],
       [
        7.4430797,
        46.9448634
       ],
       [
        7.443079,
        46.9448657
       ],
       [
        7.4430538,
        46.9449143
       ],
       [
        7.4430215,
        46.9449908
       ],
       [
        7.4430044,
        46.945025
       ],
       [
        7.4429616,
        46.945091
       ],
       [
        7.4429039,
        46.9451511
       ],
       [
        7.4428845,
        46.9451631
       ],
       [
        7.4428621,
        46.9451726
       ],
       [
        7.4428365,
        46.9451778
       ],
       [
        7.4428101,
        46.9451804
       ],
       [
        7.4426539,
        46.9451687
       ],
       [
        7.4425026,
        46.9451392
       ],
       [
        7.442364,
        46.9450886
       ],
       [
        7.4418554,
        46.94485
       ],
       [
        7.4418537,
        46.9448508
       ],
       [
        7.4417546,
        46.9448952
       ],
       [
        7.4414911,
        46.9450134
       ],
       [
        7.441141,
        46.9451705
       ],
       [
        7.4410694,
        46.9450781
       ],
       [
        7.440974,
        46.9449727
       ],
       [
        7.440884,
        46.944851
       ],
       [
        7.4408155,
        46.9448754
       ],
       [
        7.4408136,
        46.944876
       ],
       [
        7.4406056,
        46.9445924
       ],
       [
        7.4405724,
        46.9445594
       ],
       [
        7.4405272,
        46.9445339
       ],
       [
        7.4403775,
        46.9445772
       ],
       [
        7.4396524,
        46.9441959
       ],
       [
        7.4398219,
        46.9440448
       ],
       [
        7.4398444,
        46.9440021
       ],
       [
        7.4399158,
        46.9438677
       ],
       [
        7.4400421,
        46.9436105
       ],
       [
        7.4400718,
        46.9435519
       ],
       [
        7.4402362,
        46.9432278
       ],
       [
        7.4402676,
        46.9432097
       ],
       [
        7.4406557,
        46.9429995
       ],
       [
        7.44086,
        46.9431769
       ],
       [
        7.4411399,
        46.943442
       ],
       [
        7.4412449,
        46.9435264
       ],
       [
        7.441352,
        46.9436098
       ],
       [
        7.441531,
        46.9437451
       ],
       [
        7.441651,
        46.943833
       ],
       [
        7.441715,
        46.9438758
       ],
       [
        7.4419178,
        46.9440058
       ],
       [
        7.4421307,
        46.9441279
       ],
       [
        7.4422344,
        46.9441833
       ],
       [
        7.4429021,
        46.944536
       ],
       [
        7.4429625,
        46.9445656
       ],
       [
        7.4431438,
        46.9446417
       ],
       [
        7.4431509,
        46.9446454
       ],
       [
        7.4431569,
        46.9446498
       ],
       [
        7.4431618,
        46.9446549
       ],
       [
        7.4431653,
        46.9446604
       ],
       [
        7.4431675,
        46.9446663
       ],
       [
        7.4431682,
        46.9446724
       ],
       [
        7.4431674,
        46.9446784
       ],
       [
        7.4431651,
        46.9446842
       ],
       [
        7.4430767,
        46.9448568
       ]
      ]
     ]
    ]
   },
   "properties": {
    "fid": 11,
    "egrid": null,
    "site_fid": 16,
    "parcel_number": "573",
    "municipality_bfs": null,
    "address_street": "Bundesrain",
    "address_house_number": "20",
    "address_postal_code": null,
    "address_locality": "Bern",
    "address_region": null,
    "address_country": null,
    "address_full": "Bundesrain 20, Bern",
    "owner": 1,
    "responsible_actor_fid": 1,
    "area_m2": 30669.7,
    "perimeter": 813.2354774017997,
    "lv95_east": 2600173.91,
    "lv95_north": 1199222.2
   }
  },
  {
   "type": "Feature",
   "id": 12,
   "geometry": {
    "type": "MultiPolygon",
    "coordinates": [
     [
      [
       [
        7.4277041,
        46.938186
       ],
       [
        7.4276498,
        46.938161
       ],
       [
        7.4276416,
        46.9381247
       ],
       [
        7.4282287,
        46.9375971
       ],
       [
        7.4282799,
        46.937623
       ],
       [
        7.4286977,
        46.9378345
       ],
       [
        7.4287189,
        46.9378452
       ],
       [
        7.4288027,
        46.9378905
       ],
       [
        7.4287223,
        46.9379635
       ],
       [
        7.428596,
        46.9380254
       ],
       [
        7.4283464,
        46.9382076
       ],
       [
        7.4281816,
        46.938344
       ],
       [
        7.4280189,
        46.9383557
       ],
       [
        7.4278998,
        46.9382915
       ],
       [
        7.4277041,
        46.938186
       ]
      ]
     ]
    ]
   },
   "properties": {
    "fid": 12,
    "egrid": null,
    "site_fid": 18,
    "parcel_number": "1077",
    "municipality_bfs": null,
    "address_street": "Schwarzenburgstrasse",
    "address_house_number": "31",
    "address_postal_code": null,
    "address_locality": "Bern",
    "address_region": null,
    "address_country": null,
    "address_full": "Schwarzenburgstrasse 31, Bern",
    "owner": 1,
    "responsible_actor_fid": 2,
    "area_m2": 3810.3,
    "perimeter": 249.7536767030257,
    "lv95_east": 2599207.35,
    "lv95_north": 1198545.02
   }
  },
  {
   "type": "Feature",
   "id": 13,
   "geometry": {
    "type": "MultiPolygon",
    "coordinates": [
     [
      [
       [
        7.4267422,
        46.9391245
       ],
       [
        7.426725,
        46.9391305
       ],
       [
        7.4267065,
        46.939134
       ],
       [
        7.4266873,
        46.939135
       ],
       [
        7.4266682,
        46.9391333
       ],
       [
        7.4266499,
        46.939129
       ],
       [
        7.4266333,
        46.9391223
       ],
       [
        7.4266189,
        46.9391135
       ],
       [
        7.4266074,
        46.9391029
       ],
       [
        7.4265794,
        46.9391147
       ],
       [
        7.4264657,
        46.9389867
       ],
       [
        7.4264491,
        46.9389639
       ],
       [
        7.4264387,
        46.9389394
       ],
       [
        7.4264347,
        46.9389141
       ],
       [
        7.4264373,
        46.9388886
       ],
       [
        7.4264466,
        46.938864
       ],
       [
        7.426462,
        46.9388409
       ],
       [
        7.426483,
        46.93882
       ],
       [
        7.4265092,
        46.9388019
       ],
       [
        7.4267574,
        46.9386578
       ],
       [
        7.4269198,
        46.9385675
       ],
       [
        7.4271498,
        46.9384299
       ],
       [
        7.4273535,
        46.9382742
       ],
       [
        7.4274791,
        46.9383548
       ],
       [
        7.4276153,
        46.9384463
       ],
       [
        7.4276898,
        46.9385019
       ],
       [
        7.4277588,
        46.9385609
       ],
       [
        7.4277694,
        46.9385732
       ],
       [
        7.4277762,
        46.9385867
       ],
       [
        7.427779,
        46.9386009
       ],
       [
        7.4277776,
        46.9386151
       ],
       [
        7.427772,
        46.9386289
       ],
       [
        7.4277626,
        46.9386417
       ],
       [
        7.4277497,
        46.9386529
       ],
       [
        7.4277337,
        46.9386621
       ],
       [
        7.42718,
        46.9389274
       ],
       [
        7.4271007,
        46.9389654
       ],
       [
        7.4270006,
        46.9390116
       ],
       [
        7.4268993,
        46.9390564
       ],
       [
        7.4267422,
        46.9391245
       ]
      ]
     ]
    ]
   },
   "properties": {
    "fid": 13,
    "egrid": null,
    "site_fid": 19,
    "parcel_number": "1369, 2907",
    "municipality_bfs": null,
    "address_street": "Schwarzenburgstrasse",
    "address_house_number": "32",
    "address_postal_code": null,
    "address_locality": "Bern",
    "address_region": null,
    "address_country": null,
    "address_full": "Schwarzenburgstrasse 32, Bern",
    "owner": 1,
    "responsible_actor_fid": 2,
    "area_m2": 4610.1,
    "perimeter": 289.2323333489324,
    "lv95_east": 2599122.53,
    "lv95_north": 1198627.03
   }
  },
  {
   "type": "Feature",
   "id": 14,
   "geometry": {
    "type": "MultiPolygon",
    "coordinates": [
     [
      [
       [
        7.4316063,
        46.9455199
       ],
       [
        7.4315453,
        46.9455188
       ],
       [
        7.431182,
        46.9454928
       ],
       [
        7.4311613,
        46.945195
       ],
       [
        7.4311618,
        46.9451887
       ],
       [
        7.4311639,
        46.9451825
       ],
       [
        7.4311675,
        46.9451767
       ],
       [
        7.4311725,
        46.9451714
       ],
       [
        7.4311789,
        46.9451668
       ],
       [
        7.4311863,
        46.9451631
       ],
       [
        7.4311946,
        46.9451603
       ],
       [
        7.4312035,
        46.9451586
       ],
       [
        7.4313042,
        46.9451452
       ],
       [
        7.4315321,
        46.9451158
       ],
       [
        7.4315732,
        46.9453398
       ],
       [
        7.4316063,
        46.9455199
       ]
      ]
     ]
    ]
   },
   "properties": {
    "fid": 14,
    "egrid": null,
    "site_fid": 20,
    "parcel_number": "2584",
    "municipality_bfs": null,
    "address_street": "Haslerstrasse",
    "address_house_number": "16",
    "address_postal_code": null,
    "address_locality": "Bern",
    "address_region": null,
    "address_country": null,
    "address_full": "Haslerstrasse 16, Bern",
    "owner": 1,
    "responsible_actor_fid": 2,
    "area_m2": 1243.1,
    "perimeter": 141.9723055039177,
    "lv95_east": 2599446.55,
    "lv95_north": 1199353.53
   }
  },
  {
   "type": "Feature",
   "id": 15,
   "geometry": {
    "type": "MultiPolygon",
    "coordinates": [
     [
      [
       [
        7.4074984,
        46.944458
       ],
       [
        7.4074182,
        46.9444439
       ],
       [
        7.4073591,
        46.9444622
       ],
       [
        7.4072479,
        46.9444401
       ],
       [
        7.4072069,
        46.9444684
       ],
       [
        7.4072076,
        46.9445217
       ],
       [
        7.4072059,
        46.9445693
       ],
       [
        7.4072062,
        46.9446292
       ],
       [
        7.4074233,
        46.9447113
       ],
       [
        7.4074435,
        46.9446865
       ],
       [
        7.4074657,
        46.9446493
       ],
       [
        7.4074818,
        46.9446537
       ],
       [
        7.4074804,
        46.9446557
       ],
       [
        7.4076046,
        46.9446876
       ],
       [
        7.4081711,
        46.9448328
       ],
       [
        7.4081738,
        46.9448334
       ],
       [
        7.407997,
        46.9451564
       ],
       [
        7.4078376,
        46.9450529
       ],
       [
        7.4078051,
        46.9450741
       ],
       [
        7.407368,
        46.9447985
       ],
       [
        7.4073265,
        46.9447721
       ],
       [
        7.4072757,
        46.9447399
       ],
       [
        7.4071575,
        46.9446653
       ],
       [
        7.4070976,
        46.9446275
       ],
       [
        7.4071014,
        46.9444813
       ],
       [
        7.4070753,
        46.94448
       ],
       [
        7.4070772,
        46.9444596
       ],
       [
        7.4069774,
        46.9444553
       ],
       [
        7.4071093,
        46.9439656
       ],
       [
        7.4073361,
        46.9435955
       ],
       [
        7.4074293,
        46.9436297
       ],
       [
        7.4075021,
        46.9435377
       ],
       [
        7.4075529,
        46.9435476
       ],
       [
        7.4078786,
        46.9436056
       ],
       [
        7.4078099,
        46.9438138
       ],
       [
        7.4077887,
        46.9438781
       ],
       [
        7.4077882,
        46.9438797
       ],
       [
        7.407706,
        46.9441292
       ],
       [
        7.4076803,
        46.9441254
       ],
       [
        7.4075982,
        46.9442757
       ],
       [
        7.4075629,
        46.9443396
       ],
       [
        7.4074984,
        46.944458
       ]
      ]
     ]
    ]
   },
   "properties": {
    "fid": 15,
    "egrid": null,
    "site_fid": 21,
    "parcel_number": "2120, 3573, 3040, 3039, 2769, 1997",
    "municipality_bfs": null,
    "address_street": "Freiburgstrasse",
    "address_house_number": "130",
    "address_postal_code": null,
    "address_locality": "Bern",
    "address_region": null,
    "address_country": null,
    "address_full": "Freiburgstrasse 130, Bern",
    "owner": 1,
    "responsible_actor_fid": 2,
    "area_m2": 6419.9,
    "perimeter": 537.1497785058144,
    "lv95_east": 2597611.84,
    "lv95_north": 1199256.45
   }
  },
  {
   "type": "Feature",
   "id": 16,
   "geometry": {
    "type": "MultiPolygon",
    "coordinates": [
     [
      [
       [
        7.4524709,
        46.9271943
       ],
       [
        7.4522821,
        46.9270027
       ],
       [
        7.4521466,
        46.9268651
       ],
       [
        7.4521193,
        46.9268769
       ],
       [
        7.4519077,
        46.9266632
       ],
       [
        7.4518201,
        46.9265748
       ],
       [
        7.451858,
        46.92657
       ],
       [
        7.4520129,
        46.9265521
       ],
       [
        7.4521701,
        46.9265437
       ],
       [
        7.4523282,
        46.926544
       ],
       [
        7.452485,
        46.926553
       ],
       [
        7.4526953,
        46.9265205
       ],
       [
        7.452944,
        46.9264824
       ],
       [
        7.4531763,
        46.9265706
       ],
       [
        7.4530242,
        46.9266653
       ],
       [
        7.4532826,
        46.9268145
       ],
       [
        7.4532687,
        46.9268256
       ],
       [
        7.4532708,
        46.9268269
       ],
       [
        7.4524709,
        46.9271943
       ]
      ]
     ]
    ]
   },
   "properties": {
    "fid": 16,
    "egrid": null,
    "site_fid": 22,
    "parcel_number": "2796, 3076",
    "municipality_bfs": null,
    "address_street": "Quellenweg 15 +",
    "address_house_number": "17",
    "address_postal_code": null,
    "address_locality": "Wabern",
    "address_region": null,
    "address_country": null,
    "address_full": "Quellenweg 15 + 17, Wabern",
    "owner": 1,
    "responsible_actor_fid": 2,
    "area_m2": 4818.8,
    "perimeter": 310.74817812345407,
    "lv95_east": 2601068.24,
    "lv95_north": 1197305.67
   }
  },
  {
   "type": "Feature",
   "id": 17,
   "geometry": {
    "type": "MultiPolygon",
    "coordinates": [
     [
      [
       [
        7.452014,
        46.9270035
       ],
       [
        7.4520326,
        46.9269949
       ],
       [
        7.4520534,
        46.9269892
       ],
       [
        7.4520754,
        46.9269866
       ],
       [
        7.4520978,
        46.9269872
       ],
       [
        7.4521198,
        46.926991
       ],
       [
        7.45214,
        46.9269979
       ],
       [
        7.4521577,
        46.9270075
       ],
       [
        7.4521721,
        46.9270195
       ],
       [
        7.4528084,
        46.9276672
       ],
       [
        7.4520972,
        46.9279999
       ],
       [
        7.4514612,
        46.9273509
       ],
       [
        7.4513985,
        46.9272871
       ],
       [
        7.452014,
        46.9270035
       ]
      ]
     ]
    ]
   },
   "properties": {
    "fid": 17,
    "egrid": null,
    "site_fid": 23,
    "parcel_number": "2805",
    "municipality_bfs": null,
    "address_street": "Quellenweg",
    "address_house_number": "6",
    "address_postal_code": null,
    "address_locality": "Wabern",
    "address_region": null,
    "address_country": null,
    "address_full": "Quellenweg 6, Wabern",
    "owner": 1,
    "responsible_actor_fid": 2,
    "area_m2": 6226.1,
    "perimeter": 318.0428843971598,
    "lv95_east": 2601028.28,
    "lv95_north": 1197379.37
   }
  },
  {
   "type": "Feature",
   "id": 18,
   "geometry": {
    "type": "MultiPolygon",
    "coordinates": [
     [
      [
       [
        7.4321045,
        46.9449778
       ],
       [
        7.4309361,
        46.9451287
       ],
       [
        7.4308407,
        46.9447812
       ],
       [
        7.4320056,
        46.9446203
       ],
       [
        7.4321045,
        46.9449778
       ]
      ]
     ]
    ]
   },
   "properties": {
    "fid": 18,
    "egrid": null,
    "site_fid": 24,
    "parcel_number": "180",
    "municipality_bfs": null,
    "address_street": "Schwarztorstrasse",
    "address_house_number": "50",
    "address_postal_code": null,
    "address_locality": "Bern",
    "address_region": null,
    "address_country": null,
    "address_full": "Schwarztorstrasse 50, Bern",
    "owner": 1,
    "responsible_actor_fid": 2,
    "area_m2": 3609,
    "perimeter": 260.75906035124524,
    "lv95_east": 2599454.87,
    "lv95_north": 1199310.41
   }
  },
  {
   "type": "Feature",
   "id": 19,
   "geometry": {
    "type": "MultiPolygon",
    "coordinates": [
     [
      [
       [
        7.4306159,
        46.9444786
       ],
       [
        7.4305349,
        46.9442011
       ],
       [
        7.4306954,
        46.9442252
       ],
       [
        7.4308492,
        46.9442081
       ],
       [
        7.4309401,
        46.9441955
       ],
       [
        7.4309492,
        46.9442269
       ],
       [
        7.4310073,
        46.9444251
       ],
       [
        7.4306159,
        46.9444786
       ]
      ]
     ]
    ]
   },
   "properties": {
    "fid": 19,
    "egrid": null,
    "site_fid": 25,
    "parcel_number": "181",
    "municipality_bfs": null,
    "address_street": "Schwarztorstrasse",
    "address_house_number": "59",
    "address_postal_code": null,
    "address_locality": "Bern",
    "address_region": null,
    "address_country": null,
    "address_full": "Schwarztorstrasse 59, Bern",
    "owner": 1,
    "responsible_actor_fid": 2,
    "area_m2": 826.5,
    "perimeter": 119.31145166930591,
    "lv95_east": 2599401.75,
    "lv95_north": 1199248.88
   }
  },
  {
   "type": "Feature",
   "id": 20,
   "geometry": {
    "type": "MultiPolygon",
    "coordinates": [
     [
      [
       [
        7.4371989,
        46.9358191
       ],
       [
        7.4374932,
        46.9356645
       ],
       [
        7.4378312,
        46.9356459
       ],
       [
        7.4378292,
        46.9356743
       ],
       [
        7.4378258,
        46.9357968
       ],
       [
        7.4378297,
        46.9364894
       ],
       [
        7.4367055,
        46.9365236
       ],
       [
        7.4366989,
        46.9365231
       ],
       [
        7.4366926,
        46.9365216
       ],
       [
        7.436687,
        46.9365191
       ],
       [
        7.4366824,
        46.9365157
       ],
       [
        7.4366792,
        46.9365117
       ],
       [
        7.4366774,
        46.9365073
       ],
       [
        7.4366769,
        46.9365027
       ],
       [
        7.436678,
        46.9364982
       ],
       [
        7.4368633,
        46.9357788
       ],
       [
        7.4371989,
        46.9358191
       ]
      ]
     ]
    ]
   },
   "properties": {
    "fid": 20,
    "egrid": null,
    "site_fid": 26,
    "parcel_number": "1071",
    "municipality_bfs": null,
    "address_street": "Holzikofenweg",
    "address_house_number": "36",
    "address_postal_code": null,
    "address_locality": "Bern",
    "address_region": null,
    "address_country": null,
    "address_full": "Holzikofenweg 36, Bern",
    "owner": 1,
    "responsible_actor_fid": 2,
    "area_m2": 6907.1,
    "perimeter": 344.75340088572045,
    "lv95_east": 2599898.31,
    "lv95_north": 1198340.38
   }
  },
  {
   "type": "Feature",
   "id": 21,
   "geometry": {
    "type": "MultiPolygon",
    "coordinates": [
     [
      [
       [
        7.4375786,
        46.9369337
       ],
       [
        7.4375811,
        46.9369516
       ],
       [
        7.4374764,
        46.9369612
       ],
       [
        7.4374501,
        46.9365455
       ],
       [
        7.43783,
        46.936534
       ],
       [
        7.4378317,
        46.9368659
       ],
       [
        7.4378305,
        46.9368752
       ],
       [
        7.4378269,
        46.9368842
       ],
       [
        7.437821,
        46.9368927
       ],
       [
        7.437813,
        46.9369002
       ],
       [
        7.4378031,
        46.9369067
       ],
       [
        7.4377916,
        46.9369118
       ],
       [
        7.437779,
        46.9369154
       ],
       [
        7.4377656,
        46.9369174
       ],
       [
        7.4375786,
        46.9369337
       ]
      ]
     ]
    ]
   },
   "properties": {
    "fid": 21,
    "egrid": null,
    "site_fid": 27,
    "parcel_number": "954",
    "municipality_bfs": null,
    "address_street": "Holzikofenweg",
    "address_house_number": "36",
    "address_postal_code": null,
    "address_locality": "Bern",
    "address_region": null,
    "address_country": null,
    "address_full": "Holzikofenweg 36, Bern",
    "owner": 1,
    "responsible_actor_fid": 2,
    "area_m2": 1221,
    "perimeter": 144.82906129523772,
    "lv95_east": 2599924.83,
    "lv95_north": 1198401.7
   }
  },
  {
   "type": "Feature",
   "id": 22,
   "geometry": {
    "type": "MultiPolygon",
    "coordinates": [
     [
      [
       [
        7.4302108,
        46.945605
       ],
       [
        7.4302143,
        46.9456053
       ],
       [
        7.4302403,
        46.9455584
       ],
       [
        7.4303957,
        46.9456003
       ],
       [
        7.4303989,
        46.9456546
       ],
       [
        7.4303827,
        46.945762
       ],
       [
        7.4303793,
        46.9457843
       ],
       [
        7.4301858,
        46.9457706
       ],
       [
        7.4301892,
        46.9457481
       ],
       [
        7.4302054,
        46.9456408
       ],
       [
        7.4302108,
        46.945605
       ]
      ]
     ]
    ]
   },
   "properties": {
    "fid": 22,
    "egrid": null,
    "site_fid": 29,
    "parcel_number": "2595",
    "municipality_bfs": null,
    "address_street": "Effingerstrasse",
    "address_house_number": "43",
    "address_postal_code": null,
    "address_locality": "Bern",
    "address_region": null,
    "address_country": null,
    "address_full": "Effingerstrasse 43, Bern",
    "owner": 1,
    "responsible_actor_fid": 2,
    "area_m2": 322.1,
    "perimeter": 72.41119048609725,
    "lv95_east": 2599365.16,
    "lv95_north": 1199401.79
   }
  },
  {
   "type": "Feature",
   "id": 23,
   "geometry": {
    "type": "MultiPolygon",
    "coordinates": [
     [
      [
       [
        7.4347339,
        46.9375901
       ],
       [
        7.4346125,
        46.937386
       ],
       [
        7.43442,
        46.9370626
       ],
       [
        7.4347517,
        46.9370187
       ],
       [
        7.4347889,
        46.9370272
       ],
       [
        7.4349836,
        46.9373537
       ],
       [
        7.4349895,
        46.9373751
       ],
       [
        7.4349899,
        46.9373996
       ],
       [
        7.434986,
        46.9374252
       ],
       [
        7.4349635,
        46.937469
       ],
       [
        7.434943,
        46.9374876
       ],
       [
        7.4349172,
        46.9375042
       ],
       [
        7.4347339,
        46.9375901
       ]
      ]
     ]
    ]
   },
   "properties": {
    "fid": 23,
    "egrid": null,
    "site_fid": 30,
    "parcel_number": "2903",
    "municipality_bfs": null,
    "address_street": "Rosenweg",
    "address_house_number": "2",
    "address_postal_code": null,
    "address_locality": "Bern",
    "address_region": null,
    "address_country": null,
    "address_full": "Rosenweg 2, Bern",
    "owner": 1,
    "responsible_actor_fid": 2,
    "area_m2": 1551.4,
    "perimeter": 166.6057102259716,
    "lv95_east": 2599700.67,
    "lv95_north": 1198457.56
   }
  },
  {
   "type": "Feature",
   "id": 24,
   "geometry": {
    "type": "MultiPolygon",
    "coordinates": [
     [
      [
       [
        7.4337823,
        46.9370441
       ],
       [
        7.4329627,
        46.9371557
       ],
       [
        7.4329422,
        46.9370848
       ],
       [
        7.4329399,
        46.9370851
       ],
       [
        7.4329087,
        46.9369771
       ],
       [
        7.4329216,
        46.9369754
       ],
       [
        7.4337656,
        46.9368612
       ],
       [
        7.4338447,
        46.9369878
       ],
       [
        7.4338204,
        46.9369949
       ],
       [
        7.4338237,
        46.9370025
       ],
       [
        7.4338245,
        46.9370104
       ],
       [
        7.4338227,
        46.9370183
       ],
       [
        7.4338185,
        46.9370257
       ],
       [
        7.433812,
        46.9370322
       ],
       [
        7.4338034,
        46.9370377
       ],
       [
        7.4337934,
        46.9370417
       ],
       [
        7.4337823,
        46.9370441
       ]
      ]
     ]
    ]
   },
   "properties": {
    "fid": 24,
    "egrid": null,
    "site_fid": 31,
    "parcel_number": "3565",
    "municipality_bfs": null,
    "address_street": "Holzikofenweg",
    "address_house_number": "8",
    "address_postal_code": null,
    "address_locality": "Bern",
    "address_region": null,
    "address_country": null,
    "address_full": "Holzikofenweg 8, Bern",
    "owner": 1,
    "responsible_actor_fid": 2,
    "area_m2": 1371.3,
    "perimeter": 174.9736596727564,
    "lv95_east": 2599599.32,
    "lv95_north": 1198435.14
   }
  },
  {
   "type": "Feature",
   "id": 25,
   "geometry": {
    "type": "MultiPolygon",
    "coordinates": [
     [
      [
       [
        7.441094,
        46.9513575
       ],
       [
        7.4409643,
        46.9512747
       ],
       [
        7.4409488,
        46.9512362
       ],
       [
        7.4408349,
        46.9509535
       ],
       [
        7.4411066,
        46.950863
       ],
       [
        7.4412263,
        46.9510332
       ],
       [
        7.4413371,
        46.9510716
       ],
       [
        7.4413162,
        46.9511081
       ],
       [
        7.4413066,
        46.9511467
       ],
       [
        7.4413085,
        46.9511859
       ],
       [
        7.4413219,
        46.951224
       ],
       [
        7.4412504,
        46.9512412
       ],
       [
        7.4412156,
        46.9512675
       ],
       [
        7.441094,
        46.9513575
       ]
      ]
     ]
    ]
   },
   "properties": {
    "fid": 25,
    "egrid": null,
    "site_fid": 32,
    "parcel_number": "1130",
    "municipality_bfs": null,
    "address_street": "Bollwerk 26 /",
    "address_house_number": "27",
    "address_postal_code": null,
    "address_locality": "Bern",
    "address_region": null,
    "address_country": null,
    "address_full": "Bollwerk 26 / 27, Bern",
    "owner": 1,
    "responsible_actor_fid": 2,
    "area_m2": 1224,
    "perimeter": 144.77292893168467,
    "lv95_east": 2600188.47,
    "lv95_north": 1200004.96
   }
  },
  {
   "type": "Feature",
   "id": 26,
   "geometry": {
    "type": "MultiPolygon",
    "coordinates": [
     [
      [
       [
        7.4318566,
        46.9441019
       ],
       [
        7.4318477,
        46.9440711
       ],
       [
        7.4320329,
        46.9440457
       ],
       [
        7.4320946,
        46.9442672
       ],
       [
        7.4320969,
        46.9442761
       ],
       [
        7.4319148,
        46.944301
       ],
       [
        7.4318771,
        46.9441719
       ],
       [
        7.4318739,
        46.9441722
       ],
       [
        7.4318536,
        46.9441023
       ],
       [
        7.4318566,
        46.9441019
       ]
      ]
     ]
    ]
   },
   "properties": {
    "fid": 26,
    "egrid": null,
    "site_fid": 34,
    "parcel_number": "214",
    "municipality_bfs": null,
    "address_street": "Schwarztorstrasse",
    "address_house_number": "51",
    "address_postal_code": null,
    "address_locality": "Bern",
    "address_region": null,
    "address_country": null,
    "address_full": "Schwarztorstrasse 51, Bern",
    "owner": 1,
    "responsible_actor_fid": 2,
    "area_m2": 373.8,
    "perimeter": 81.1266807523703,
    "lv95_east": 2599493.98,
    "lv95_north": 1199237.06
   }
  },
  {
   "type": "Feature",
   "id": 27,
   "geometry": {
    "type": "MultiPolygon",
    "coordinates": [
     [
      [
       [
        7.4635377,
        46.9253242
       ],
       [
        7.463457,
        46.9251991
       ],
       [
        7.4634304,
        46.9252058
       ],
       [
        7.4634027,
        46.9252098
       ],
       [
        7.4633744,
        46.9252111
       ],
       [
        7.4633461,
        46.9252097
       ],
       [
        7.4633174,
        46.9252053
       ],
       [
        7.4632901,
        46.9251977
       ],
       [
        7.4632649,
        46.9251873
       ],
       [
        7.4632425,
        46.9251742
       ],
       [
        7.4632257,
        46.9251599
       ],
       [
        7.4632127,
        46.9251438
       ],
       [
        7.4630935,
        46.9249715
       ],
       [
        7.4630045,
        46.9250004
       ],
       [
        7.4628762,
        46.9250436
       ],
       [
        7.462829,
        46.9250541
       ],
       [
        7.4624489,
        46.92452
       ],
       [
        7.4623689,
        46.9244058
       ],
       [
        7.4623672,
        46.9244034
       ],
       [
        7.462363,
        46.9243975
       ],
       [
        7.4623715,
        46.9243947
       ],
       [
        7.4623578,
        46.9243752
       ],
       [
        7.4623494,
        46.924378
       ],
       [
        7.4623464,
        46.9243737
       ],
       [
        7.4623275,
        46.9243467
       ],
       [
        7.4624284,
        46.9243149
       ],
       [
        7.4624283,
        46.9243147
       ],
       [
        7.4624359,
        46.9243126
       ],
       [
        7.4627064,
        46.9242274
       ],
       [
        7.462493,
        46.9239164
       ],
       [
        7.4625387,
        46.9239024
       ],
       [
        7.4625368,
        46.9239003
       ],
       [
        7.4625407,
        46.9238991
       ],
       [
        7.4625492,
        46.9238963
       ],
       [
        7.4636992,
        46.923525
       ],
       [
        7.4646864,
        46.9232077
       ],
       [
        7.4647891,
        46.9232793
       ],
       [
        7.4654592,
        46.9236801
       ],
       [
        7.46563,
        46.9238203
       ],
       [
        7.4657668,
        46.9240246
       ],
       [
        7.4658524,
        46.9241489
       ],
       [
        7.4658538,
        46.9241509
       ],
       [
        7.4659032,
        46.924154
       ],
       [
        7.465955,
        46.9241804
       ],
       [
        7.465961,
        46.9242018
       ],
       [
        7.4659424,
        46.9242227
       ],
       [
        7.4659079,
        46.9242337
       ],
       [
        7.46588,
        46.9242359
       ],
       [
        7.4658636,
        46.9242287
       ],
       [
        7.4656623,
        46.9243233
       ],
       [
        7.4655567,
        46.9243643
       ],
       [
        7.4655555,
        46.9243663
       ],
       [
        7.4652883,
        46.924467
       ],
       [
        7.4650755,
        46.9245307
       ],
       [
        7.464216,
        46.9250112
       ],
       [
        7.4640911,
        46.9251219
       ],
       [
        7.4635377,
        46.9253242
       ]
      ]
     ]
    ]
   },
   "properties": {
    "fid": 27,
    "egrid": null,
    "site_fid": 35,
    "parcel_number": "1404",
    "municipality_bfs": null,
    "address_street": "Lindenweg",
    "address_house_number": "50",
    "address_postal_code": null,
    "address_locality": "Wabern",
    "address_region": null,
    "address_country": null,
    "address_full": "Lindenweg 50, Wabern",
    "owner": 1,
    "responsible_actor_fid": 1,
    "area_m2": 36152.2,
    "perimeter": 801.0410241558282,
    "lv95_east": 2601944.39,
    "lv95_north": 1197019.98
   }
  },
  {
   "type": "Feature",
   "id": 28,
   "geometry": {
    "type": "MultiPolygon",
    "coordinates": [
     [
      [
       [
        7.4729239,
        46.9090375
       ],
       [
        7.4731499,
        46.9088734
       ],
       [
        7.4735287,
        46.9085994
       ],
       [
        7.4736628,
        46.9085135
       ],
       [
        7.4738014,
        46.9084291
       ],
       [
        7.4739902,
        46.908318
       ],
       [
        7.4741729,
        46.9082136
       ],
       [
        7.4742155,
        46.9081966
       ],
       [
        7.474554,
        46.9080617
       ],
       [
        7.4750044,
        46.9078848
       ],
       [
        7.4750785,
        46.9078556
       ],
       [
        7.4752418,
        46.9077912
       ],
       [
        7.4754643,
        46.9076748
       ],
       [
        7.4755348,
        46.9076301
       ],
       [
        7.4757902,
        46.9078524
       ],
       [
        7.4753267,
        46.9081911
       ],
       [
        7.475627,
        46.9083487
       ],
       [
        7.4755892,
        46.9084644
       ],
       [
        7.4755194,
        46.908776
       ],
       [
        7.4754655,
        46.9088765
       ],
       [
        7.4753921,
        46.9089529
       ],
       [
        7.4753144,
        46.909007
       ],
       [
        7.4750558,
        46.909137
       ],
       [
        7.474497,
        46.9094544
       ],
       [
        7.4741769,
        46.9096198
       ],
       [
        7.4739514,
        46.9096899
       ],
       [
        7.4738347,
        46.9096939
       ],
       [
        7.4737414,
        46.9096687
       ],
       [
        7.4736282,
        46.9095877
       ],
       [
        7.4734419,
        46.9093844
       ],
       [
        7.4732682,
        46.9092887
       ],
       [
        7.4729382,
        46.9091933
       ],
       [
        7.4729025,
        46.909183
       ],
       [
        7.4728819,
        46.9091418
       ],
       [
        7.4729239,
        46.9090375
       ]
      ]
     ]
    ]
   },
   "properties": {
    "fid": 28,
    "egrid": null,
    "site_fid": 36,
    "parcel_number": "165",
    "municipality_bfs": null,
    "address_street": "Lohnweg",
    "address_house_number": "2",
    "address_postal_code": null,
    "address_locality": "Kehrsatz",
    "address_region": null,
    "address_country": null,
    "address_full": "Lohnweg 2, Kehrsatz",
    "owner": 1,
    "responsible_actor_fid": 1,
    "area_m2": 24679.3,
    "perimeter": 694.4358084026743,
    "lv95_east": 2602730.47,
    "lv95_north": 1195287.52
   }
  },
  {
   "type": "Feature",
   "id": 29,
   "geometry": {
    "type": "MultiPolygon",
    "coordinates": [
     [
      [
       [
        7.4481338,
        46.940153
       ],
       [
        7.4484658,
        46.9401679
       ],
       [
        7.4486974,
        46.9401779
       ],
       [
        7.4486886,
        46.9402872
       ],
       [
        7.4488815,
        46.9403099
       ],
       [
        7.4487472,
        46.9408189
       ],
       [
        7.4478627,
        46.9407732
       ],
       [
        7.4476314,
        46.940192
       ],
       [
        7.4476813,
        46.9401366
       ],
       [
        7.4476948,
        46.9401327
       ],
       [
        7.4481338,
        46.940153
       ]
      ]
     ]
    ]
   },
   "properties": {
    "fid": 29,
    "egrid": null,
    "site_fid": 37,
    "parcel_number": "310",
    "municipality_bfs": null,
    "address_street": "Bernastrasse",
    "address_house_number": "28",
    "address_postal_code": null,
    "address_locality": "Bern",
    "address_region": null,
    "address_country": null,
    "address_full": "Bernastrasse 28, Bern",
    "owner": 1,
    "responsible_actor_fid": 1,
    "area_m2": 5671,
    "perimeter": 303.94620746542483,
    "lv95_east": 2600735.74,
    "lv95_north": 1198828.16
   }
  },
  {
   "type": "Feature",
   "id": 30,
   "geometry": {
    "type": "MultiPolygon",
    "coordinates": [
     [
      [
       [
        7.4346063,
        46.946663
       ],
       [
        7.4346117,
        46.9467259
       ],
       [
        7.4342994,
        46.9467385
       ],
       [
        7.4342573,
        46.9467402
       ],
       [
        7.4342296,
        46.946694
       ],
       [
        7.4339251,
        46.9461936
       ],
       [
        7.4339078,
        46.9461504
       ],
       [
        7.4339071,
        46.9461057
       ],
       [
        7.4344901,
        46.946082
       ],
       [
        7.4344957,
        46.9461456
       ],
       [
        7.4345098,
        46.9463088
       ],
       [
        7.4345353,
        46.9466028
       ],
       [
        7.4346008,
        46.9466002
       ],
       [
        7.4346063,
        46.946663
       ]
      ]
     ]
    ]
   },
   "properties": {
    "fid": 30,
    "egrid": null,
    "site_fid": 38,
    "parcel_number": "3610",
    "municipality_bfs": null,
    "address_street": "Effingerstrasse",
    "address_house_number": "20",
    "address_postal_code": null,
    "address_locality": "Bern",
    "address_region": null,
    "address_country": null,
    "address_full": "Effingerstrasse 20, Bern",
    "owner": 1,
    "responsible_actor_fid": 1,
    "area_m2": 2548,
    "perimeter": 224.2646945031986,
    "lv95_east": 2599670.4,
    "lv95_north": 1199485.48
   }
  },
  {
   "type": "Feature",
   "id": 31,
   "geometry": {
    "type": "MultiPolygon",
    "coordinates": [
     [
      [
       [
        7.4390464,
        46.9398225
       ],
       [
        7.4396892,
        46.9398451
       ],
       [
        7.4396656,
        46.940163
       ],
       [
        7.4396626,
        46.9402043
       ],
       [
        7.4395102,
        46.9401989
       ],
       [
        7.4395067,
        46.9402535
       ],
       [
        7.4391084,
        46.9402415
       ],
       [
        7.4391074,
        46.9402441
       ],
       [
        7.4390163,
        46.9402203
       ],
       [
        7.439023,
        46.9401324
       ],
       [
        7.4390464,
        46.9398225
       ]
      ]
     ]
    ]
   },
   "properties": {
    "fid": 31,
    "egrid": null,
    "site_fid": 39,
    "parcel_number": "3238",
    "municipality_bfs": null,
    "address_street": "Eigerstrasse",
    "address_house_number": "71",
    "address_postal_code": null,
    "address_locality": "Bern",
    "address_region": null,
    "address_country": null,
    "address_full": "Eigerstrasse 71, Bern",
    "owner": 1,
    "responsible_actor_fid": 1,
    "area_m2": 2186.6,
    "perimeter": 189.0576760689456,
    "lv95_east": 2600055.09,
    "lv95_north": 1198766.67
   }
  },
  {
   "type": "Feature",
   "id": 32,
   "geometry": {
    "type": "MultiPolygon",
    "coordinates": [
     [
      [
       [
        7.3871155,
        46.9457964
       ],
       [
        7.3871893,
        46.9458054
       ],
       [
        7.387564,
        46.9458401
       ],
       [
        7.3882332,
        46.9460107
       ],
       [
        7.3883222,
        46.9460279
       ],
       [
        7.3881573,
        46.9466483
       ],
       [
        7.3877658,
        46.9466083
       ],
       [
        7.3873216,
        46.9465796
       ],
       [
        7.3869102,
        46.9465685
       ],
       [
        7.3871155,
        46.9457964
       ]
      ]
     ]
    ]
   },
   "properties": {
    "fid": 32,
    "egrid": null,
    "site_fid": 42,
    "parcel_number": "3571",
    "municipality_bfs": null,
    "address_street": "Fellerstrasse",
    "address_house_number": "21",
    "address_postal_code": null,
    "address_locality": "Bern",
    "address_region": null,
    "address_country": null,
    "address_full": "Fellerstrasse 21, Bern",
    "owner": 1,
    "responsible_actor_fid": 1,
    "area_m2": 7563.3,
    "perimeter": 348.69499381099376,
    "lv95_east": 2596115.99,
    "lv95_north": 1199469.4
   }
  },
  {
   "type": "Feature",
   "id": 33,
   "geometry": {
    "type": "MultiPolygon",
    "coordinates": [
     [
      [
       [
        7.433132,
        46.9423459
       ],
       [
        7.4331297,
        46.9423524
       ],
       [
        7.4331261,
        46.9423587
       ],
       [
        7.4331212,
        46.9423646
       ],
       [
        7.4331152,
        46.9423699
       ],
       [
        7.4331081,
        46.9423746
       ],
       [
        7.4331001,
        46.9423785
       ],
       [
        7.4330914,
        46.9423817
       ],
       [
        7.432326,
        46.9426106
       ],
       [
        7.4323051,
        46.9425712
       ],
       [
        7.4322513,
        46.94247
       ],
       [
        7.4322416,
        46.9424517
       ],
       [
        7.4322197,
        46.9424104
       ],
       [
        7.4322238,
        46.9424092
       ],
       [
        7.4321884,
        46.9423421
       ],
       [
        7.4318233,
        46.9424135
       ],
       [
        7.4317754,
        46.9423343
       ],
       [
        7.4317135,
        46.9423518
       ],
       [
        7.4315365,
        46.9424021
       ],
       [
        7.4314652,
        46.9422846
       ],
       [
        7.431459,
        46.9422699
       ],
       [
        7.4314578,
        46.9422546
       ],
       [
        7.4314617,
        46.9422395
       ],
       [
        7.4314704,
        46.9422254
       ],
       [
        7.4314837,
        46.9422131
       ],
       [
        7.4315008,
        46.9422031
       ],
       [
        7.4315207,
        46.942196
       ],
       [
        7.4315424,
        46.9421922
       ],
       [
        7.4320821,
        46.9421395
       ],
       [
        7.4323869,
        46.9421097
       ],
       [
        7.4324456,
        46.942107
       ],
       [
        7.4325042,
        46.9421104
       ],
       [
        7.4325614,
        46.9421196
       ],
       [
        7.432616,
        46.9421346
       ],
       [
        7.4330941,
        46.9422953
       ],
       [
        7.4331027,
        46.9422987
       ],
       [
        7.4331104,
        46.9423029
       ],
       [
        7.4331172,
        46.9423078
       ],
       [
        7.4331229,
        46.9423134
       ],
       [
        7.4331274,
        46.9423194
       ],
       [
        7.4331306,
        46.9423258
       ],
       [
        7.4331325,
        46.9423324
       ],
       [
        7.433133,
        46.9423391
       ],
       [
        7.433132,
        46.9423459
       ]
      ]
     ]
    ]
   },
   "properties": {
    "fid": 33,
    "egrid": null,
    "site_fid": 43,
    "parcel_number": "53, 246",
    "municipality_bfs": null,
    "address_street": "Mattenhofstrasse",
    "address_house_number": "5",
    "address_postal_code": null,
    "address_locality": "Bern",
    "address_region": null,
    "address_country": null,
    "address_full": "Mattenhofstrasse 5, Bern",
    "owner": 1,
    "responsible_actor_fid": 1,
    "area_m2": 3768.2,
    "perimeter": 316.8774571473976,
    "lv95_east": 2599545.35,
    "lv95_north": 1199030.48
   }
  },
  {
   "type": "Feature",
   "id": 34,
   "geometry": {
    "type": "MultiPolygon",
    "coordinates": [
     [
      [
       [
        7.4352048,
        46.9417029
       ],
       [
        7.4352384,
        46.9416927
       ],
       [
        7.4352532,
        46.941692
       ],
       [
        7.435364,
        46.9416869
       ],
       [
        7.4356676,
        46.9416729
       ],
       [
        7.435703,
        46.9421233
       ],
       [
        7.4357052,
        46.9421512
       ],
       [
        7.4357011,
        46.9421943
       ],
       [
        7.4356966,
        46.9422335
       ],
       [
        7.4357006,
        46.9422796
       ],
       [
        7.4357079,
        46.9423257
       ],
       [
        7.4357233,
        46.9424168
       ],
       [
        7.4357332,
        46.9425084
       ],
       [
        7.435742,
        46.942619
       ],
       [
        7.4357463,
        46.9426736
       ],
       [
        7.4357527,
        46.9427558
       ],
       [
        7.4357594,
        46.9428401
       ],
       [
        7.435785,
        46.9428389
       ],
       [
        7.4357888,
        46.9429141
       ],
       [
        7.4357827,
        46.9429636
       ],
       [
        7.4357691,
        46.9429639
       ],
       [
        7.4357773,
        46.9430683
       ],
       [
        7.4357412,
        46.9430816
       ],
       [
        7.4355225,
        46.943162
       ],
       [
        7.4355075,
        46.943166
       ],
       [
        7.4354917,
        46.9431682
       ],
       [
        7.4354757,
        46.9431685
       ],
       [
        7.4354597,
        46.9431669
       ],
       [
        7.4354445,
        46.9431635
       ],
       [
        7.4354303,
        46.9431583
       ],
       [
        7.4354175,
        46.9431516
       ],
       [
        7.4354067,
        46.9431434
       ],
       [
        7.4353093,
        46.943032
       ],
       [
        7.4353058,
        46.9430333
       ],
       [
        7.4352143,
        46.9429413
       ],
       [
        7.4352129,
        46.9429403
       ],
       [
        7.4352118,
        46.9429391
       ],
       [
        7.4351761,
        46.9429127
       ],
       [
        7.4351047,
        46.9428591
       ],
       [
        7.4351342,
        46.9428502
       ],
       [
        7.4350838,
        46.9427722
       ],
       [
        7.4355262,
        46.9426384
       ],
       [
        7.4355216,
        46.9425691
       ],
       [
        7.4354699,
        46.9425672
       ],
       [
        7.4354347,
        46.9421114
       ],
       [
        7.4354004,
        46.9418685
       ],
       [
        7.4353774,
        46.9418687
       ],
       [
        7.4353593,
        46.9418691
       ],
       [
        7.4353122,
        46.9418684
       ],
       [
        7.4352086,
        46.9417695
       ],
       [
        7.4352048,
        46.9417029
       ]
      ]
     ]
    ]
   },
   "properties": {
    "fid": 34,
    "egrid": null,
    "site_fid": 44,
    "parcel_number": "531",
    "municipality_bfs": null,
    "address_street": "Monbijoustrasse",
    "address_house_number": "40",
    "address_postal_code": null,
    "address_locality": "Bern",
    "address_region": null,
    "address_country": null,
    "address_full": "Monbijoustrasse 40, Bern",
    "owner": 1,
    "responsible_actor_fid": 1,
    "area_m2": 4563.7,
    "perimeter": 431.343319876366,
    "lv95_east": 2599768.73,
    "lv95_north": 1199041.69
   }
  },
  {
   "type": "Feature",
   "id": 35,
   "geometry": {
    "type": "MultiPolygon",
    "coordinates": [
     [
      [
       [
        7.4343091,
        46.9407731
       ],
       [
        7.4342954,
        46.9407759
       ],
       [
        7.4342812,
        46.9407761
       ],
       [
        7.4342673,
        46.9407736
       ],
       [
        7.434255,
        46.9407686
       ],
       [
        7.4341424,
        46.9405939
       ],
       [
        7.4341418,
        46.940593
       ],
       [
        7.4341369,
        46.9405797
       ],
       [
        7.434137,
        46.940566
       ],
       [
        7.4341391,
        46.9405585
       ],
       [
        7.4341428,
        46.9405513
       ],
       [
        7.4341428,
        46.9405513
       ],
       [
        7.4341479,
        46.9405446
       ],
       [
        7.4341544,
        46.9405385
       ],
       [
        7.4341664,
        46.9405306
       ],
       [
        7.4341806,
        46.9405248
       ],
       [
        7.4352961,
        46.9401684
       ],
       [
        7.4353138,
        46.9401635
       ],
       [
        7.4353471,
        46.9401585
       ],
       [
        7.4353514,
        46.940165
       ],
       [
        7.4356211,
        46.9400788
       ],
       [
        7.4356396,
        46.9401061
       ],
       [
        7.4356811,
        46.9401671
       ],
       [
        7.4356615,
        46.9402771
       ],
       [
        7.4356583,
        46.9402949
       ],
       [
        7.4356386,
        46.940406
       ],
       [
        7.4356325,
        46.9404398
       ],
       [
        7.4356173,
        46.9405252
       ],
       [
        7.4354931,
        46.9405155
       ],
       [
        7.435407,
        46.9405088
       ],
       [
        7.4353674,
        46.9405056
       ],
       [
        7.4351087,
        46.9405952
       ],
       [
        7.4348938,
        46.9406417
       ],
       [
        7.434899,
        46.9406553
       ],
       [
        7.4348636,
        46.9406017
       ],
       [
        7.4343091,
        46.9407731
       ]
      ]
     ]
    ]
   },
   "properties": {
    "fid": 35,
    "egrid": null,
    "site_fid": 45,
    "parcel_number": "527",
    "municipality_bfs": null,
    "address_street": "Monbijoustrasse 72 /",
    "address_house_number": "74",
    "address_postal_code": null,
    "address_locality": "Bern",
    "address_region": null,
    "address_country": null,
    "address_full": "Monbijoustrasse 72 / 74, Bern",
    "owner": 1,
    "responsible_actor_fid": 1,
    "area_m2": 4136.7,
    "perimeter": 319.6115876229591,
    "lv95_east": 2599728.55,
    "lv95_north": 1198814.94
   }
  },
  {
   "type": "Feature",
   "id": 36,
   "geometry": {
    "type": "MultiPolygon",
    "coordinates": [
     [
      [
       [
        7.436633,
        46.9389068
       ],
       [
        7.4362421,
        46.9388741
       ],
       [
        7.4361964,
        46.9388702
       ],
       [
        7.4362756,
        46.9384242
       ],
       [
        7.4367121,
        46.9384603
       ],
       [
        7.4368068,
        46.9384682
       ],
       [
        7.4368002,
        46.9385019
       ],
       [
        7.4367797,
        46.9386088
       ],
       [
        7.4367474,
        46.9387764
       ],
       [
        7.4367209,
        46.9389141
       ],
       [
        7.436633,
        46.9389068
       ]
      ]
     ]
    ]
   },
   "properties": {
    "fid": 36,
    "egrid": null,
    "site_fid": 46,
    "parcel_number": "860",
    "municipality_bfs": null,
    "address_street": "Monbijoustrasse",
    "address_house_number": "91",
    "address_postal_code": null,
    "address_locality": "Bern",
    "address_region": null,
    "address_country": null,
    "address_full": "Monbijoustrasse 91, Bern",
    "owner": 1,
    "responsible_actor_fid": 1,
    "area_m2": 2023.8,
    "perimeter": 180.94628738989385,
    "lv95_east": 2599837.29,
    "lv95_north": 1198622.58
   }
  },
  {
   "type": "Feature",
   "id": 37,
   "geometry": {
    "type": "MultiPolygon",
    "coordinates": [
     [
      [
       [
        7.4505251,
        46.9279511
       ],
       [
        7.4504376,
        46.9278606
       ],
       [
        7.4508822,
        46.9275619
       ],
       [
        7.4510285,
        46.92747
       ],
       [
        7.4511318,
        46.9274121
       ],
       [
        7.4512395,
        46.927359
       ],
       [
        7.4513039,
        46.9273307
       ],
       [
        7.4513985,
        46.9272871
       ],
       [
        7.4514612,
        46.9273509
       ],
       [
        7.4520972,
        46.9279999
       ],
       [
        7.4523305,
        46.9282384
       ],
       [
        7.4523359,
        46.9282437
       ],
       [
        7.4514422,
        46.9286627
       ],
       [
        7.4514196,
        46.9286717
       ],
       [
        7.4513951,
        46.9286781
       ],
       [
        7.4513679,
        46.928682
       ],
       [
        7.4513402,
        46.9286826
       ],
       [
        7.4512688,
        46.9286796
       ],
       [
        7.4512616,
        46.9286787
       ],
       [
        7.4512549,
        46.9286767
       ],
       [
        7.4512493,
        46.9286738
       ],
       [
        7.4512447,
        46.9286701
       ],
       [
        7.4512334,
        46.9286583
       ],
       [
        7.4512135,
        46.9286676
       ],
       [
        7.4507437,
        46.9281771
       ],
       [
        7.4506561,
        46.9280865
       ],
       [
        7.450591,
        46.9280191
       ],
       [
        7.4505251,
        46.9279511
       ]
      ]
     ]
    ]
   },
   "properties": {
    "fid": 37,
    "egrid": null,
    "site_fid": 47,
    "parcel_number": "212",
    "municipality_bfs": null,
    "address_street": "Seftigenstrasse",
    "address_house_number": "264",
    "address_postal_code": null,
    "address_locality": "Bern",
    "address_region": null,
    "address_country": null,
    "address_full": "Seftigenstrasse 264, Bern",
    "owner": 1,
    "responsible_actor_fid": 1,
    "area_m2": 11976.2,
    "perimeter": 434.5717236751347,
    "lv95_east": 2600965.55,
    "lv95_north": 1197431.22
   }
  },
  {
   "type": "Feature",
   "id": 38,
   "geometry": {
    "type": "MultiPolygon",
    "coordinates": [
     [
      [
       [
        7.4413516,
        46.9459329
       ],
       [
        7.4413679,
        46.9458875
       ],
       [
        7.4419531,
        46.9459855
       ],
       [
        7.4419639,
        46.9459885
       ],
       [
        7.4419483,
        46.9460333
       ],
       [
        7.4419534,
        46.9460341
       ],
       [
        7.4419187,
        46.9461309
       ],
       [
        7.4419225,
        46.9461316
       ],
       [
        7.4418174,
        46.9464218
       ],
       [
        7.4418152,
        46.9464214
       ],
       [
        7.4418024,
        46.9464561
       ],
       [
        7.4411509,
        46.946346
       ],
       [
        7.4412643,
        46.9460203
       ],
       [
        7.4413097,
        46.946028
       ],
       [
        7.4413449,
        46.9459318
       ],
       [
        7.4413516,
        46.9459329
       ]
      ]
     ]
    ]
   },
   "properties": {
    "fid": 38,
    "egrid": null,
    "site_fid": 48,
    "parcel_number": "1059",
    "municipality_bfs": null,
    "address_street": "Bundesgasse",
    "address_house_number": "3",
    "address_postal_code": null,
    "address_locality": "Bern",
    "address_region": null,
    "address_country": null,
    "address_full": "Bundesgasse 3, Bern",
    "owner": 1,
    "responsible_actor_fid": 1,
    "area_m2": 2685.6,
    "perimeter": 209.65596684642702,
    "lv95_east": 2600221.05,
    "lv95_north": 1199461.49
   }
  },
  {
   "type": "Feature",
   "id": 39,
   "geometry": {
    "type": "MultiPolygon",
    "coordinates": [
     [
      [
       [
        7.4436028,
        46.9467457
       ],
       [
        7.4436037,
        46.9467459
       ],
       [
        7.4435979,
        46.9467615
       ],
       [
        7.443575,
        46.9467577
       ],
       [
        7.4435751,
        46.9467571
       ],
       [
        7.4434029,
        46.9467279
       ],
       [
        7.4434027,
        46.9467286
       ],
       [
        7.4423536,
        46.9465511
       ],
       [
        7.4423537,
        46.9465505
       ],
       [
        7.4421816,
        46.9465212
       ],
       [
        7.4421813,
        46.9465218
       ],
       [
        7.4421585,
        46.9465179
       ],
       [
        7.4421938,
        46.9464192
       ],
       [
        7.442145,
        46.9464108
       ],
       [
        7.4421591,
        46.9463711
       ],
       [
        7.4421599,
        46.9463713
       ],
       [
        7.4422113,
        46.9462253
       ],
       [
        7.4422097,
        46.9462249
       ],
       [
        7.4422251,
        46.946182
       ],
       [
        7.4422743,
        46.9461903
       ],
       [
        7.4423095,
        46.9460915
       ],
       [
        7.4425326,
        46.9461294
       ],
       [
        7.4425303,
        46.9461359
       ],
       [
        7.4428317,
        46.9461871
       ],
       [
        7.4428441,
        46.9461529
       ],
       [
        7.4432394,
        46.9462196
       ],
       [
        7.4432271,
        46.9462538
       ],
       [
        7.443529,
        46.9463048
       ],
       [
        7.4435313,
        46.9462982
       ],
       [
        7.4437465,
        46.9463345
       ],
       [
        7.4437542,
        46.9463358
       ],
       [
        7.4437173,
        46.9464379
       ],
       [
        7.4437381,
        46.9464414
       ],
       [
        7.4437325,
        46.9464572
       ],
       [
        7.4437315,
        46.9464571
       ],
       [
        7.4437207,
        46.9464872
       ],
       [
        7.4437216,
        46.9464874
       ],
       [
        7.4437167,
        46.9465011
       ],
       [
        7.4437157,
        46.9465009
       ],
       [
        7.4436782,
        46.9466047
       ],
       [
        7.4436791,
        46.9466049
       ],
       [
        7.4436742,
        46.9466185
       ],
       [
        7.4436733,
        46.9466183
       ],
       [
        7.4436624,
        46.9466486
       ],
       [
        7.4436632,
        46.9466487
       ],
       [
        7.4436576,
        46.9466643
       ],
       [
        7.4436337,
        46.9466605
       ],
       [
        7.4436028,
        46.9467457
       ]
      ]
     ]
    ]
   },
   "properties": {
    "fid": 39,
    "egrid": null,
    "site_fid": 49,
    "parcel_number": "1058",
    "municipality_bfs": null,
    "address_street": "Bundesgasse",
    "address_house_number": "1",
    "address_postal_code": null,
    "address_locality": "Bern",
    "address_region": null,
    "address_country": null,
    "address_full": "Bundesgasse 1, Bern",
    "owner": 1,
    "responsible_actor_fid": 1,
    "area_m2": 5718.6,
    "perimeter": 345.1613481488946,
    "lv95_east": 2600329.13,
    "lv95_north": 1199482.59
   }
  },
  {
   "type": "Feature",
   "id": 40,
   "geometry": {
    "type": "MultiPolygon",
    "coordinates": [
     [
      [
       [
        7.4453044,
        46.9472513
       ],
       [
        7.4453043,
        46.9472506
       ],
       [
        7.4452468,
        46.9472518
       ],
       [
        7.4452469,
        46.947254
       ],
       [
        7.4452446,
        46.947254
       ],
       [
        7.445246,
        46.9469071
       ],
       [
        7.4452483,
        46.9469072
       ],
       [
        7.4452482,
        46.9469092
       ],
       [
        7.4453058,
        46.9469094
       ],
       [
        7.4453058,
        46.9469087
       ],
       [
        7.4455102,
        46.9469089
       ],
       [
        7.44551,
        46.946907
       ],
       [
        7.4457416,
        46.9469073
       ],
       [
        7.4457413,
        46.9470111
       ],
       [
        7.4457388,
        46.947011
       ],
       [
        7.4457383,
        46.9471489
       ],
       [
        7.445741,
        46.9471488
       ],
       [
        7.4457406,
        46.947245
       ],
       [
        7.4455088,
        46.9472501
       ],
       [
        7.4455087,
        46.947247
       ],
       [
        7.4453044,
        46.9472513
       ]
      ]
     ]
    ]
   },
   "properties": {
    "fid": 40,
    "egrid": null,
    "site_fid": 50,
    "parcel_number": "850",
    "municipality_bfs": null,
    "address_street": "Kochergasse",
    "address_house_number": "10",
    "address_postal_code": null,
    "address_locality": "Bern",
    "address_region": null,
    "address_country": null,
    "address_full": "Kochergasse 10, Bern",
    "owner": 1,
    "responsible_actor_fid": 1,
    "area_m2": 1426.3,
    "perimeter": 153.2397804779258,
    "lv95_east": 2600522.22,
    "lv95_north": 1199555.02
   }
  },
  {
   "type": "Feature",
   "id": 41,
   "geometry": {
    "type": "MultiPolygon",
    "coordinates": [
     [
      [
       [
        7.4443537,
        46.9468732
       ],
       [
        7.4437629,
        46.946824
       ],
       [
        7.4435855,
        46.9467979
       ],
       [
        7.4435979,
        46.9467615
       ],
       [
        7.4436037,
        46.9467459
       ],
       [
        7.4436028,
        46.9467457
       ],
       [
        7.4436337,
        46.9466605
       ],
       [
        7.4436576,
        46.9466643
       ],
       [
        7.4436632,
        46.9466487
       ],
       [
        7.4436624,
        46.9466486
       ],
       [
        7.4436733,
        46.9466183
       ],
       [
        7.4436742,
        46.9466185
       ],
       [
        7.4436791,
        46.9466049
       ],
       [
        7.4436782,
        46.9466047
       ],
       [
        7.4437157,
        46.9465009
       ],
       [
        7.4437167,
        46.9465011
       ],
       [
        7.4437216,
        46.9464874
       ],
       [
        7.4437207,
        46.9464872
       ],
       [
        7.4437315,
        46.9464571
       ],
       [
        7.4437325,
        46.9464572
       ],
       [
        7.4437381,
        46.9464414
       ],
       [
        7.4437173,
        46.9464379
       ],
       [
        7.4437542,
        46.9463358
       ],
       [
        7.4437465,
        46.9463345
       ],
       [
        7.4437709,
        46.9462219
       ],
       [
        7.4437802,
        46.946193
       ],
       [
        7.443807,
        46.9461845
       ],
       [
        7.4438079,
        46.9461861
       ],
       [
        7.4439148,
        46.9461582
       ],
       [
        7.4440076,
        46.9461418
       ],
       [
        7.4440074,
        46.9461407
       ],
       [
        7.4441283,
        46.9461295
       ],
       [
        7.4443006,
        46.9461328
       ],
       [
        7.4444293,
        46.9461498
       ],
       [
        7.4445749,
        46.9461841
       ],
       [
        7.4445742,
        46.9461852
       ],
       [
        7.4446801,
        46.9462241
       ],
       [
        7.444769,
        46.9462657
       ],
       [
        7.4447704,
        46.9462643
       ],
       [
        7.4447936,
        46.946277
       ],
       [
        7.4447933,
        46.9462871
       ],
       [
        7.4451961,
        46.946287
       ],
       [
        7.4451948,
        46.9462575
       ],
       [
        7.4455814,
        46.9462574
       ],
       [
        7.4456327,
        46.9462669
       ],
       [
        7.4457328,
        46.946276
       ],
       [
        7.4457326,
        46.9463049
       ],
       [
        7.4462817,
        46.9463081
       ],
       [
        7.4462814,
        46.9467552
       ],
       [
        7.446184,
        46.9467551
       ],
       [
        7.446184,
        46.9467567
       ],
       [
        7.4461642,
        46.9467567
       ],
       [
        7.4461641,
        46.9467554
       ],
       [
        7.4460044,
        46.9467552
       ],
       [
        7.4460042,
        46.9467566
       ],
       [
        7.4459847,
        46.9467566
       ],
       [
        7.4459847,
        46.9467552
       ],
       [
        7.4449686,
        46.9467542
       ],
       [
        7.4449685,
        46.9467556
       ],
       [
        7.4449489,
        46.9467555
       ],
       [
        7.4449489,
        46.9467542
       ],
       [
        7.4447893,
        46.9467542
       ],
       [
        7.4447892,
        46.9467555
       ],
       [
        7.4447747,
        46.9467554
       ],
       [
        7.4447741,
        46.946788
       ],
       [
        7.4447186,
        46.9468011
       ],
       [
        7.444668,
        46.9468165
       ],
       [
        7.4446054,
        46.9468377
       ],
       [
        7.4445431,
        46.9468556
       ],
       [
        7.4444824,
        46.9468676
       ],
       [
        7.4444263,
        46.9468745
       ],
       [
        7.4443537,
        46.9468732
       ]
      ]
     ]
    ]
   },
   "properties": {
    "fid": 41,
    "egrid": null,
    "site_fid": 51,
    "parcel_number": "823",
    "municipality_bfs": null,
    "address_street": "Bundesplatz",
    "address_house_number": "3",
    "address_postal_code": null,
    "address_locality": "Bern",
    "address_region": null,
    "address_country": null,
    "address_full": "Bundesplatz 3, Bern",
    "owner": 1,
    "responsible_actor_fid": 1,
    "area_m2": 12173.1,
    "perimeter": 539.3684844408685,
    "lv95_east": 2600483.95,
    "lv95_north": 1199496.42
   }
  },
  {
   "type": "Feature",
   "id": 42,
   "geometry": {
    "type": "MultiPolygon",
    "coordinates": [
     [
      [
       [
        7.4462763,
        46.9471542
       ],
       [
        7.4462538,
        46.947249
       ],
       [
        7.4462505,
        46.947249
       ],
       [
        7.4458825,
        46.9472433
       ],
       [
        7.4458832,
        46.9469075
       ],
       [
        7.4463259,
        46.9469081
       ],
       [
        7.4462763,
        46.9471542
       ]
      ]
     ]
    ]
   },
   "properties": {
    "fid": 42,
    "egrid": null,
    "site_fid": 52,
    "parcel_number": "799",
    "municipality_bfs": null,
    "address_street": "Inselgasse",
    "address_house_number": "1",
    "address_postal_code": null,
    "address_locality": "Bern",
    "address_region": null,
    "address_country": null,
    "address_full": "Inselgasse 1, Bern",
    "owner": 1,
    "responsible_actor_fid": 1,
    "area_m2": 1170,
    "perimeter": 137.60306649899948,
    "lv95_east": 2600567.91,
    "lv95_north": 1199549.6
   }
  },
  {
   "type": "Feature",
   "id": 43,
   "geometry": {
    "type": "MultiPolygon",
    "coordinates": [
     [
      [
       [
        7.443213,
        46.945748
       ],
       [
        7.4432107,
        46.9457472
       ],
       [
        7.4432082,
        46.9457464
       ],
       [
        7.4432057,
        46.9457457
       ],
       [
        7.4432031,
        46.9457452
       ],
       [
        7.4432005,
        46.9457448
       ],
       [
        7.4431979,
        46.9457445
       ],
       [
        7.4431952,
        46.9457444
       ],
       [
        7.4431925,
        46.9457444
       ],
       [
        7.4431899,
        46.9457445
       ],
       [
        7.4431872,
        46.9457447
       ],
       [
        7.4431846,
        46.9457451
       ],
       [
        7.443182,
        46.9457456
       ],
       [
        7.4431795,
        46.9457462
       ],
       [
        7.443177,
        46.9457469
       ],
       [
        7.4431746,
        46.9457477
       ],
       [
        7.4431723,
        46.9457487
       ],
       [
        7.4431702,
        46.9457497
       ],
       [
        7.4431681,
        46.9457509
       ],
       [
        7.4431661,
        46.9457521
       ],
       [
        7.4431643,
        46.9457535
       ],
       [
        7.4431626,
        46.9457549
       ],
       [
        7.4431611,
        46.9457564
       ],
       [
        7.4431597,
        46.945758
       ],
       [
        7.4431585,
        46.9457596
       ],
       [
        7.4431575,
        46.9457613
       ],
       [
        7.4431566,
        46.9457631
       ],
       [
        7.4431559,
        46.9457648
       ],
       [
        7.4431554,
        46.9457666
       ],
       [
        7.4431551,
        46.9457685
       ],
       [
        7.443155,
        46.9457703
       ],
       [
        7.443155,
        46.9457721
       ],
       [
        7.4431553,
        46.9457739
       ],
       [
        7.4431557,
        46.9457758
       ],
       [
        7.4431563,
        46.9457775
       ],
       [
        7.4431571,
        46.9457793
       ],
       [
        7.443158,
        46.945781
       ],
       [
        7.4431592,
        46.9457827
       ],
       [
        7.4431605,
        46.9457843
       ],
       [
        7.4431619,
        46.9457858
       ],
       [
        7.4431695,
        46.9457947
       ],
       [
        7.4432573,
        46.9458486
       ],
       [
        7.443289,
        46.9458703
       ],
       [
        7.4433149,
        46.9458953
       ],
       [
        7.4433063,
        46.9458918
       ],
       [
        7.4430093,
        46.9458411
       ],
       [
        7.4427485,
        46.9459495
       ],
       [
        7.442723,
        46.946015
       ],
       [
        7.4421466,
        46.945906
       ],
       [
        7.4421574,
        46.9458763
       ],
       [
        7.4422629,
        46.9458668
       ],
       [
        7.4423947,
        46.9458104
       ],
       [
        7.442512,
        46.9457159
       ],
       [
        7.4426026,
        46.9456482
       ],
       [
        7.4426624,
        46.9456039
       ],
       [
        7.4428401,
        46.9454481
       ],
       [
        7.4429662,
        46.9453459
       ],
       [
        7.4431158,
        46.9452208
       ],
       [
        7.4431808,
        46.9452582
       ],
       [
        7.4432166,
        46.945229
       ],
       [
        7.4433887,
        46.945326
       ],
       [
        7.443473,
        46.9453787
       ],
       [
        7.443521,
        46.9455468
       ],
       [
        7.4435452,
        46.9456451
       ],
       [
        7.443747,
        46.9457404
       ],
       [
        7.4439058,
        46.9458765
       ],
       [
        7.4438921,
        46.9458867
       ],
       [
        7.4439323,
        46.9459774
       ],
       [
        7.4439609,
        46.9460241
       ],
       [
        7.4440085,
        46.9460856
       ],
       [
        7.4440044,
        46.946091
       ],
       [
        7.44366,
        46.9459206
       ],
       [
        7.4435973,
        46.9458883
       ],
       [
        7.4435416,
        46.94586
       ],
       [
        7.4434846,
        46.9458316
       ],
       [
        7.443451,
        46.9458168
       ],
       [
        7.4434186,
        46.945806
       ],
       [
        7.4433361,
        46.945781
       ],
       [
        7.443213,
        46.945748
       ]
      ]
     ]
    ]
   },
   "properties": {
    "fid": 43,
    "egrid": null,
    "site_fid": 53,
    "parcel_number": "606",
    "municipality_bfs": null,
    "address_street": "Bundesrain 1 -",
    "address_house_number": "9",
    "address_postal_code": null,
    "address_locality": "Bern",
    "address_region": null,
    "address_country": null,
    "address_full": "Bundesrain 1 - 9, Bern",
    "owner": 1,
    "responsible_actor_fid": 1,
    "area_m2": 5141.3,
    "perimeter": 436.4388663575078,
    "lv95_east": 2600339.39,
    "lv95_north": 1199399.6
   }
  },
  {
   "type": "Feature",
   "id": 44,
   "geometry": {
    "type": "MultiPolygon",
    "coordinates": [
     [
      [
       [
        7.4381761,
        46.9468415
       ],
       [
        7.4383959,
        46.9467982
       ],
       [
        7.438503,
        46.9467771
       ],
       [
        7.4385069,
        46.9468147
       ],
       [
        7.4385179,
        46.9469203
       ],
       [
        7.4385686,
        46.946929
       ],
       [
        7.4387805,
        46.9469652
       ],
       [
        7.4387189,
        46.9471362
       ],
       [
        7.4382937,
        46.9470641
       ],
       [
        7.4382596,
        46.9470412
       ],
       [
        7.4381761,
        46.9468415
       ]
      ]
     ]
    ]
   },
   "properties": {
    "fid": 44,
    "egrid": null,
    "site_fid": 54,
    "parcel_number": "1081",
    "municipality_bfs": null,
    "address_street": "Schwanengasse",
    "address_house_number": "2",
    "address_postal_code": null,
    "address_locality": "Bern",
    "address_region": null,
    "address_country": null,
    "address_full": "Schwanengasse 2, Bern",
    "owner": 1,
    "responsible_actor_fid": 1,
    "area_m2": 1034.8,
    "perimeter": 142.14511892548592,
    "lv95_east": 2599985.91,
    "lv95_north": 1199540.23
   }
  },
  {
   "type": "Feature",
   "id": 45,
   "geometry": {
    "type": "MultiPolygon",
    "coordinates": [
     [
      [
       [
        7.4528399,
        46.9476163
       ],
       [
        7.4528004,
        46.9477279
       ],
       [
        7.4527284,
        46.9477175
       ],
       [
        7.4527526,
        46.9476354
       ],
       [
        7.4527598,
        46.947611
       ],
       [
        7.4528399,
        46.9476163
       ]
      ]
     ]
    ]
   },
   "properties": {
    "fid": 45,
    "egrid": null,
    "site_fid": 55,
    "parcel_number": "143",
    "municipality_bfs": null,
    "address_street": "Junkerngasse",
    "address_house_number": "54",
    "address_postal_code": null,
    "address_locality": "Bern",
    "address_region": null,
    "address_country": null,
    "address_full": "Junkerngasse 54, Bern",
    "owner": 1,
    "responsible_actor_fid": 1,
    "area_m2": 72.5,
    "perimeter": 36.56230309719801,
    "lv95_east": 2601077.03,
    "lv95_north": 1199621.4
   }
  },
  {
   "type": "Feature",
   "id": 46,
   "geometry": {
    "type": "MultiPolygon",
    "coordinates": [
     [
      [
       [
        7.452935,
        46.9473099
       ],
       [
        7.4529338,
        46.9475154
       ],
       [
        7.4527473,
        46.9474958
       ],
       [
        7.4526413,
        46.9474871
       ],
       [
        7.4526466,
        46.9472882
       ],
       [
        7.4526616,
        46.9471675
       ],
       [
        7.4526808,
        46.9470033
       ],
       [
        7.4526789,
        46.9470032
       ],
       [
        7.4527043,
        46.9467909
       ],
       [
        7.4527367,
        46.9465657
       ],
       [
        7.4527406,
        46.946535
       ],
       [
        7.4529072,
        46.946545
       ],
       [
        7.4529846,
        46.9467594
       ],
       [
        7.4529734,
        46.9467579
       ],
       [
        7.4529567,
        46.9470205
       ],
       [
        7.4529403,
        46.9471879
       ],
       [
        7.4529383,
        46.9471878
       ],
       [
        7.4529363,
        46.9472184
       ],
       [
        7.4529346,
        46.9472644
       ],
       [
        7.452935,
        46.9473099
       ]
      ]
     ]
    ]
   },
   "properties": {
    "fid": 46,
    "egrid": null,
    "site_fid": 56,
    "parcel_number": "202",
    "municipality_bfs": null,
    "address_street": "Junkerngasse",
    "address_house_number": "59",
    "address_postal_code": null,
    "address_locality": "Bern",
    "address_region": null,
    "address_country": null,
    "address_full": "Junkerngasse 59, Bern",
    "owner": 1,
    "responsible_actor_fid": 1,
    "area_m2": 2169.6,
    "perimeter": 251.40257528705504,
    "lv95_east": 2601079.35,
    "lv95_north": 1199556.65
   }
  },
  {
   "type": "Feature",
   "id": 47,
   "geometry": {
    "type": "MultiPolygon",
    "coordinates": [
     [
      [
       [
        7.4382117,
        46.9401515
       ],
       [
        7.4379682,
        46.9401441
       ],
       [
        7.4377783,
        46.9401383
       ],
       [
        7.4376364,
        46.940134
       ],
       [
        7.437647,
        46.9399714
       ],
       [
        7.437363,
        46.9399627
       ],
       [
        7.4373748,
        46.9397785
       ],
       [
        7.4373861,
        46.9397781
       ],
       [
        7.4375414,
        46.9397729
       ],
       [
        7.4376968,
        46.9397751
       ],
       [
        7.4379914,
        46.9397855
       ],
       [
        7.4390464,
        46.9398225
       ],
       [
        7.439023,
        46.9401324
       ],
       [
        7.4388641,
        46.9401276
       ],
       [
        7.4388654,
        46.9401086
       ],
       [
        7.4386872,
        46.9401032
       ],
       [
        7.4382158,
        46.9400889
       ],
       [
        7.4382117,
        46.9401515
       ]
      ]
     ]
    ]
   },
   "properties": {
    "fid": 47,
    "egrid": null,
    "site_fid": 63,
    "parcel_number": "2225, 1170",
    "municipality_bfs": null,
    "address_street": "Eigerstrasse",
    "address_house_number": "61/65",
    "address_postal_code": null,
    "address_locality": "Bern",
    "address_region": null,
    "address_country": null,
    "address_full": "Eigerstrasse 61/65, Bern",
    "owner": 1,
    "responsible_actor_fid": 1,
    "area_m2": 4251.7,
    "perimeter": 336.7327924892793,
    "lv95_east": 2599967.38,
    "lv95_north": 1198755.98
   }
  },
  {
   "type": "Feature",
   "id": 48,
   "geometry": {
    "type": "MultiPolygon",
    "coordinates": [
     [
      [
       [
        7.4591464,
        46.9552493
       ],
       [
        7.4589204,
        46.955334
       ],
       [
        7.4588634,
        46.955362
       ],
       [
        7.4587846,
        46.9552774
       ],
       [
        7.4587315,
        46.9552191
       ],
       [
        7.4587207,
        46.9552088
       ],
       [
        7.4586576,
        46.9551484
       ],
       [
        7.4586428,
        46.9551342
       ],
       [
        7.4590087,
        46.9549826
       ],
       [
        7.4591792,
        46.9551659
       ],
       [
        7.4592248,
        46.9552149
       ],
       [
        7.4591464,
        46.9552493
       ]
      ]
     ]
    ]
   },
   "properties": {
    "fid": 48,
    "egrid": null,
    "site_fid": 64,
    "parcel_number": "450",
    "municipality_bfs": null,
    "address_street": "Kasernenstrasse",
    "address_house_number": "7",
    "address_postal_code": null,
    "address_locality": "Bern",
    "address_region": null,
    "address_country": null,
    "address_full": "Kasernenstrasse 7, Bern",
    "owner": 2,
    "responsible_actor_fid": 2,
    "area_m2": 975.7,
    "perimeter": 125.61684775399024,
    "lv95_east": 2601546.48,
    "lv95_north": 1200456.49
   }
  },
  {
   "type": "Feature",
   "id": 49,
   "geometry": {
    "type": "MultiPolygon",
    "coordinates": [
     [
      [
       [
        7.4577755,
        46.9563224
       ],
       [
        7.4576531,
        46.9564471
       ],
       [
        7.4576182,
        46.9564311
       ],
       [
        7.4574709,
        46.9563633
       ],
       [
        7.4573429,
        46.9563044
       ],
       [
        7.4572764,
        46.9562738
       ],
       [
        7.4573647,
        46.9561995
       ],
       [
        7.457268,
        46.9560339
       ],
       [
        7.4572,
        46.955917
       ],
       [
        7.4575169,
        46.9558304
       ],
       [
        7.4574958,
        46.9557975
       ],
       [
        7.4575446,
        46.9557842
       ],
       [
        7.4575658,
        46.9558171
       ],
       [
        7.4577888,
        46.9557497
       ],
       [
        7.4579511,
        46.9557006
       ],
       [
        7.4580363,
        46.9556749
       ],
       [
        7.4581797,
        46.9558624
       ],
       [
        7.4579621,
        46.956082
       ],
       [
        7.4579973,
        46.9560983
       ],
       [
        7.4578459,
        46.9562514
       ],
       [
        7.4577755,
        46.9563224
       ]
      ]
     ]
    ]
   },
   "properties": {
    "fid": 49,
    "egrid": null,
    "site_fid": 66,
    "parcel_number": "124, 343",
    "municipality_bfs": null,
    "address_street": "Kasernenstrasse",
    "address_house_number": "19-21",
    "address_postal_code": null,
    "address_locality": "Bern",
    "address_region": null,
    "address_country": null,
    "address_full": "Kasernenstrasse 19-21, Bern",
    "owner": 1,
    "responsible_actor_fid": 2,
    "area_m2": 3488.7,
    "perimeter": 259.19875964023,
    "lv95_east": 2601446.39,
    "lv95_north": 1200553.25
   }
  },
  {
   "type": "Feature",
   "id": 50,
   "geometry": {
    "type": "MultiPolygon",
    "coordinates": [
     [
      [
       [
        7.3882332,
        46.9460107
       ],
       [
        7.387564,
        46.9458401
       ],
       [
        7.387932,
        46.9458765
       ],
       [
        7.3886423,
        46.9460043
       ],
       [
        7.3895215,
        46.9461135
       ],
       [
        7.3895819,
        46.946121
       ],
       [
        7.3898316,
        46.9461526
       ],
       [
        7.3896505,
        46.9468341
       ],
       [
        7.3893403,
        46.9467955
       ],
       [
        7.388207,
        46.9466544
       ],
       [
        7.3881573,
        46.9466483
       ],
       [
        7.3883222,
        46.9460279
       ],
       [
        7.3882332,
        46.9460107
       ]
      ]
     ]
    ]
   },
   "properties": {
    "fid": 50,
    "egrid": null,
    "site_fid": 67,
    "parcel_number": "3400",
    "municipality_bfs": null,
    "address_street": "Fellerstrasse",
    "address_house_number": "15",
    "address_postal_code": null,
    "address_locality": "Bern",
    "address_region": null,
    "address_country": null,
    "address_full": "Fellerstrasse 15, Bern",
    "owner": 1,
    "responsible_actor_fid": 1,
    "area_m2": 9256.4,
    "perimeter": 500.31944491861776,
    "lv95_east": 2596220.93,
    "lv95_north": 1199480.7
   }
  },
  {
   "type": "Feature",
   "id": 51,
   "geometry": {
    "type": "MultiPolygon",
    "coordinates": [
     [
      [
       [
        7.389281,
        46.9530708
       ],
       [
        7.3890808,
        46.9529294
       ],
       [
        7.3895305,
        46.9526305
       ],
       [
        7.3901854,
        46.9528903
       ],
       [
        7.3902013,
        46.9528629
       ],
       [
        7.3902245,
        46.9528382
       ],
       [
        7.3904404,
        46.9528989
       ],
       [
        7.3905838,
        46.9529341
       ],
       [
        7.3906046,
        46.9529411
       ],
       [
        7.3906227,
        46.9529511
       ],
       [
        7.39024,
        46.9531963
       ],
       [
        7.389837,
        46.9534544
       ],
       [
        7.389281,
        46.9530708
       ]
      ]
     ]
    ]
   },
   "properties": {
    "fid": 51,
    "egrid": null,
    "site_fid": 68,
    "parcel_number": "2615",
    "municipality_bfs": null,
    "address_street": "Eymattstrasse",
    "address_house_number": "102",
    "address_postal_code": null,
    "address_locality": "Bern",
    "address_region": null,
    "address_country": null,
    "address_full": "Eymattstrasse 102, Bern",
    "owner": 1,
    "responsible_actor_fid": 2,
    "area_m2": 5155.6,
    "perimeter": 308.6371391569869,
    "lv95_east": 2596287.47,
    "lv95_north": 1200215.55
   }
  },
  {
   "type": "Feature",
   "id": 52,
   "geometry": {
    "type": "MultiPolygon",
    "coordinates": [
     [
      [
       [
        7.4635063,
        46.9590242
       ],
       [
        7.4635321,
        46.9590728
       ],
       [
        7.4635388,
        46.9590999
       ],
       [
        7.4635347,
        46.9591398
       ],
       [
        7.4635152,
        46.9591775
       ],
       [
        7.4634815,
        46.9592102
       ],
       [
        7.4634362,
        46.9592355
       ],
       [
        7.4627275,
        46.9594891
       ],
       [
        7.4626594,
        46.9595134
       ],
       [
        7.4623062,
        46.9590495
       ],
       [
        7.4630539,
        46.9587832
       ],
       [
        7.4632649,
        46.9587081
       ],
       [
        7.4635063,
        46.9590242
       ]
      ]
     ]
    ]
   },
   "properties": {
    "fid": 52,
    "egrid": null,
    "site_fid": 70,
    "parcel_number": "122",
    "municipality_bfs": null,
    "address_street": "Papiermühlestrasse",
    "address_house_number": "21A",
    "address_postal_code": null,
    "address_locality": "Bern",
    "address_region": null,
    "address_country": null,
    "address_full": "Papiermühlestrasse 21A, Bern",
    "owner": 1,
    "responsible_actor_fid": 2,
    "area_m2": 4715.2,
    "perimeter": 273.39164002129417,
    "lv95_east": 2601850.81,
    "lv95_north": 1200893.77
   }
  },
  {
   "type": "Feature",
   "id": 53,
   "geometry": {
    "type": "MultiPolygon",
    "coordinates": [
     [
      [
       [
        7.4775831,
        46.9744904
       ],
       [
        7.4773654,
        46.9745892
       ],
       [
        7.4773443,
        46.9745967
       ],
       [
        7.4773219,
        46.9746021
       ],
       [
        7.4772985,
        46.9746052
       ],
       [
        7.4772747,
        46.974606
       ],
       [
        7.4772518,
        46.9746048
       ],
       [
        7.4772297,
        46.9746004
       ],
       [
        7.4772095,
        46.9745929
       ],
       [
        7.477192,
        46.9745827
       ],
       [
        7.4767416,
        46.9742321
       ],
       [
        7.4775599,
        46.9737771
       ],
       [
        7.4775863,
        46.9738084
       ],
       [
        7.4777683,
        46.9740228
       ],
       [
        7.4780032,
        46.9739298
       ],
       [
        7.4782789,
        46.9738205
       ],
       [
        7.4789434,
        46.9735566
       ],
       [
        7.478903,
        46.9735052
       ],
       [
        7.4788929,
        46.9734923
       ],
       [
        7.4789213,
        46.9734907
       ],
       [
        7.4791464,
        46.9734368
       ],
       [
        7.4791869,
        46.9734327
       ],
       [
        7.479218,
        46.9734373
       ],
       [
        7.4792377,
        46.973451
       ],
       [
        7.4792479,
        46.9734669
       ],
       [
        7.4792142,
        46.9734807
       ],
       [
        7.4792688,
        46.9735407
       ],
       [
        7.4792456,
        46.9735473
       ],
       [
        7.4791736,
        46.9735759
       ],
       [
        7.4792075,
        46.9736158
       ],
       [
        7.4791326,
        46.9736453
       ],
       [
        7.4787542,
        46.9737942
       ],
       [
        7.4782287,
        46.9740041
       ],
       [
        7.4779724,
        46.9741065
       ],
       [
        7.4781277,
        46.9742906
       ],
       [
        7.4779038,
        46.9743638
       ],
       [
        7.4775831,
        46.9744904
       ]
      ]
     ]
    ]
   },
   "properties": {
    "fid": 53,
    "egrid": null,
    "site_fid": 73,
    "parcel_number": "2143",
    "municipality_bfs": null,
    "address_street": "Papiermühlestrasse",
    "address_house_number": "172",
    "address_postal_code": null,
    "address_locality": "Ittigen",
    "address_region": null,
    "address_country": null,
    "address_full": "Papiermühlestrasse 172, Ittigen",
    "owner": 1,
    "responsible_actor_fid": 2,
    "area_m2": 6974.7,
    "perimeter": 542.7783999135715,
    "lv95_east": 2602953.59,
    "lv95_north": 1202549.95
   }
  },
  {
   "type": "Feature",
   "id": 54,
   "geometry": {
    "type": "MultiPolygon",
    "coordinates": [
     [
      [
       [
        7.4791769,
        46.9738735
       ],
       [
        7.4792122,
        46.9740572
       ],
       [
        7.4791749,
        46.9740684
       ],
       [
        7.4789374,
        46.9741076
       ],
       [
        7.4786643,
        46.9741586
       ],
       [
        7.4785217,
        46.9741873
       ],
       [
        7.4783916,
        46.9742199
       ],
       [
        7.4782287,
        46.9740041
       ],
       [
        7.4787542,
        46.9737942
       ],
       [
        7.4791326,
        46.9736453
       ],
       [
        7.4791769,
        46.9738735
       ]
      ]
     ]
    ]
   },
   "properties": {
    "fid": 54,
    "egrid": null,
    "site_fid": 74,
    "parcel_number": "7100",
    "municipality_bfs": null,
    "address_street": "Worblentalstrasse",
    "address_house_number": "66",
    "address_postal_code": null,
    "address_locality": "Ittigen",
    "address_region": null,
    "address_country": null,
    "address_full": "Worblentalstrasse 66, Ittigen",
    "owner": 1,
    "responsible_actor_fid": 2,
    "area_m2": 2537.3,
    "perimeter": 217.7939628340361,
    "lv95_east": 2603055.82,
    "lv95_north": 1202541.67
   }
  },
  {
   "type": "Feature",
   "id": 55,
   "geometry": {
    "type": "MultiPolygon",
    "coordinates": [
     [
      [
       [
        7.2483927,
        47.1328485
       ],
       [
        7.2483985,
        47.1328718
       ],
       [
        7.2484064,
        47.1329033
       ],
       [
        7.2481671,
        47.1331209
       ],
       [
        7.247814,
        47.1329372
       ],
       [
        7.2477263,
        47.1328919
       ],
       [
        7.2476396,
        47.1328467
       ],
       [
        7.2476612,
        47.1328272
       ],
       [
        7.2475734,
        47.1327812
       ],
       [
        7.2475111,
        47.1327491
       ],
       [
        7.2474744,
        47.1327302
       ],
       [
        7.2473003,
        47.1326414
       ],
       [
        7.2471944,
        47.1325864
       ],
       [
        7.2471658,
        47.1325719
       ],
       [
        7.2470182,
        47.1324961
       ],
       [
        7.2469503,
        47.1324613
       ],
       [
        7.2469332,
        47.1324526
       ],
       [
        7.246939,
        47.1323814
       ],
       [
        7.2469392,
        47.1323802
       ],
       [
        7.2469464,
        47.1322989
       ],
       [
        7.2470524,
        47.1322025
       ],
       [
        7.2470722,
        47.1321842
       ],
       [
        7.2472014,
        47.1322513
       ],
       [
        7.24721,
        47.1322434
       ],
       [
        7.2483927,
        47.1328485
       ]
      ]
     ]
    ]
   },
   "properties": {
    "fid": 55,
    "egrid": null,
    "site_fid": 75,
    "parcel_number": "2623, 5951, 6625, 9234, 10441",
    "municipality_bfs": null,
    "address_street": "Zukunftstrasse",
    "address_house_number": "44",
    "address_postal_code": null,
    "address_locality": "Biel",
    "address_region": null,
    "address_country": null,
    "address_full": "Zukunftstrasse 44, Biel",
    "owner": 1,
    "responsible_actor_fid": 2,
    "area_m2": 4093.4,
    "perimeter": 317.21836534153323,
    "lv95_east": 2585516.95,
    "lv95_north": 1220207.17
   }
  },
  {
   "type": "Feature",
   "id": 56,
   "geometry": {
    "type": "MultiPolygon",
    "coordinates": [
     [
      [
       [
        7.43647,
        46.9365302
       ],
       [
        7.4361444,
        46.9365401
       ],
       [
        7.43592,
        46.9359947
       ],
       [
        7.4361765,
        46.9359433
       ],
       [
        7.4361984,
        46.9359946
       ],
       [
        7.4364632,
        46.9359417
       ],
       [
        7.4366168,
        46.9359604
       ],
       [
        7.43647,
        46.9365302
       ]
      ]
     ]
    ]
   },
   "properties": {
    "fid": 56,
    "egrid": null,
    "site_fid": 85,
    "parcel_number": null,
    "municipality_bfs": null,
    "address_street": "Monbijoustrasse",
    "address_house_number": "118",
    "address_postal_code": null,
    "address_locality": "Bern",
    "address_region": null,
    "address_country": null,
    "address_full": "Monbijoustrasse 118, Bern",
    "owner": 1,
    "responsible_actor_fid": 2,
    "area_m2": 2495.9,
    "perimeter": 211.31279203597649,
    "lv95_east": 2599821.2,
    "lv95_north": 1198352.42
   }
  },
  {
   "type": "Feature",
   "id": 57,
   "geometry": {
    "type": "MultiPolygon",
    "coordinates": [
     [
      [
       [
        7.2487432,
        46.7514617
       ],
       [
        7.2489014,
        46.7515701
       ],
       [
        7.2481844,
        46.7518202
       ],
       [
        7.2477056,
        46.7519097
       ],
       [
        7.247267,
        46.7518962
       ],
       [
        7.2468524,
        46.7518362
       ],
       [
        7.2468789,
        46.7514153
       ],
       [
        7.2468285,
        46.750634
       ],
       [
        7.2468694,
        46.7505196
       ],
       [
        7.2469846,
        46.7503984
       ],
       [
        7.247111,
        46.7503315
       ],
       [
        7.2474755,
        46.7505881
       ],
       [
        7.2480768,
        46.7510002
       ],
       [
        7.2487432,
        46.7514617
       ]
      ]
     ]
    ]
   },
   "properties": {
    "fid": 57,
    "egrid": null,
    "site_fid": 86,
    "parcel_number": null,
    "municipality_bfs": null,
    "address_street": "Guglera",
    "address_house_number": null,
    "address_postal_code": null,
    "address_locality": "Giffers",
    "address_region": null,
    "address_country": null,
    "address_full": "Guglera, Giffers",
    "owner": 1,
    "responsible_actor_fid": 2,
    "area_m2": 16117.4,
    "perimeter": 534.5177461074951,
    "lv95_east": 2585404.76,
    "lv95_north": 1177798.07
   }
  },
  {
   "type": "Feature",
   "id": 58,
   "geometry": {
    "type": "MultiPolygon",
    "coordinates": [
     [
      [
       [
        7.4447741,
        46.946788
       ],
       [
        7.4447186,
        46.9468011
       ],
       [
        7.444668,
        46.9468165
       ],
       [
        7.4446054,
        46.9468377
       ],
       [
        7.4445431,
        46.9468556
       ],
       [
        7.4444824,
        46.9468676
       ],
       [
        7.4444263,
        46.9468745
       ],
       [
        7.4443537,
        46.9468732
       ],
       [
        7.4437629,
        46.946824
       ],
       [
        7.4435855,
        46.9467979
       ],
       [
        7.4435979,
        46.9467615
       ],
       [
        7.443575,
        46.9467577
       ],
       [
        7.4435751,
        46.9467571
       ],
       [
        7.4434029,
        46.9467279
       ],
       [
        7.4434027,
        46.9467286
       ],
       [
        7.4423536,
        46.9465511
       ],
       [
        7.4423537,
        46.9465505
       ],
       [
        7.4421816,
        46.9465212
       ],
       [
        7.4421813,
        46.9465218
       ],
       [
        7.4421585,
        46.9465179
       ],
       [
        7.4418024,
        46.9464561
       ],
       [
        7.4411509,
        46.946346
       ],
       [
        7.4412643,
        46.9460203
       ],
       [
        7.4413097,
        46.946028
       ],
       [
        7.4413449,
        46.9459318
       ],
       [
        7.4413516,
        46.9459329
       ],
       [
        7.4413679,
        46.9458875
       ],
       [
        7.4418161,
        46.9459626
       ],
       [
        7.4418232,
        46.9459378
       ],
       [
        7.4418617,
        46.9459407
       ],
       [
        7.4419015,
        46.945939
       ],
       [
        7.4419404,
        46.9459331
       ],
       [
        7.4419778,
        46.9459233
       ],
       [
        7.4420125,
        46.9459098
       ],
       [
        7.4421069,
        46.9458692
       ],
       [
        7.4421145,
        46.9458628
       ],
       [
        7.4421164,
        46.9458638
       ],
       [
        7.4422496,
        46.9457607
       ],
       [
        7.4422663,
        46.9457716
       ],
       [
        7.4421664,
        46.9458511
       ],
       [
        7.4421574,
        46.9458763
       ],
       [
        7.4421466,
        46.945906
       ],
       [
        7.4421845,
        46.9459132
       ],
       [
        7.4422562,
        46.9459268
       ],
       [
        7.4425387,
        46.9459802
       ],
       [
        7.4425404,
        46.9459805
       ],
       [
        7.442723,
        46.946015
       ],
       [
        7.4427485,
        46.9459495
       ],
       [
        7.4430093,
        46.9458411
       ],
       [
        7.4433063,
        46.9458918
       ],
       [
        7.4433149,
        46.9458953
       ],
       [
        7.443289,
        46.9458703
       ],
       [
        7.4432573,
        46.9458486
       ],
       [
        7.4431695,
        46.9457947
       ],
       [
        7.4431619,
        46.9457858
       ],
       [
        7.4431605,
        46.9457843
       ],
       [
        7.4431592,
        46.9457827
       ],
       [
        7.443158,
        46.945781
       ],
       [
        7.4431571,
        46.9457793
       ],
       [
        7.4431563,
        46.9457775
       ],
       [
        7.4431557,
        46.9457758
       ],
       [
        7.4431553,
        46.9457739
       ],
       [
        7.443155,
        46.9457721
       ],
       [
        7.443155,
        46.9457703
       ],
       [
        7.4431551,
        46.9457685
       ],
       [
        7.4431554,
        46.9457666
       ],
       [
        7.4431559,
        46.9457648
       ],
       [
        7.4431566,
        46.9457631
       ],
       [
        7.4431575,
        46.9457613
       ],
       [
        7.4431585,
        46.9457596
       ],
       [
        7.4431597,
        46.945758
       ],
       [
        7.4431611,
        46.9457564
       ],
       [
        7.4431626,
        46.9457549
       ],
       [
        7.4431643,
        46.9457535
       ],
       [
        7.4431661,
        46.9457521
       ],
       [
        7.4431681,
        46.9457509
       ],
       [
        7.4431702,
        46.9457497
       ],
       [
        7.4431723,
        46.9457487
       ],
       [
        7.4431746,
        46.9457477
       ],
       [
        7.443177,
        46.9457469
       ],
       [
        7.4431795,
        46.9457462
       ],
       [
        7.443182,
        46.9457456
       ],
       [
        7.4431846,
        46.9457451
       ],
       [
        7.4431872,
        46.9457447
       ],
       [
        7.4431899,
        46.9457445
       ],
       [
        7.4431925,
        46.9457444
       ],
       [
        7.4431952,
        46.9457444
       ],
       [
        7.4431979,
        46.9457445
       ],
       [
        7.4432005,
        46.9457448
       ],
       [
        7.4432031,
        46.9457452
       ],
       [
        7.4432057,
        46.9457457
       ],
       [
        7.4432082,
        46.9457464
       ],
       [
        7.4432107,
        46.9457472
       ],
       [
        7.443213,
        46.945748
       ],
       [
        7.4433361,
        46.945781
       ],
       [
        7.4434186,
        46.945806
       ],
       [
        7.443451,
        46.9458168
       ],
       [
        7.4434846,
        46.9458316
       ],
       [
        7.4435416,
        46.94586
       ],
       [
        7.4435973,
        46.9458883
       ],
       [
        7.44366,
        46.9459206
       ],
       [
        7.4440044,
        46.946091
       ],
       [
        7.4440085,
        46.9460856
       ],
       [
        7.4439766,
        46.9460444
       ],
       [
        7.4440134,
        46.9460383
       ],
       [
        7.4440428,
        46.9460757
       ],
       [
        7.4440516,
        46.9460866
       ],
       [
        7.4440516,
        46.9460986
       ],
       [
        7.4441492,
        46.946093
       ],
       [
        7.4442866,
        46.9461317
       ],
       [
        7.4443006,
        46.9461328
       ],
       [
        7.4444293,
        46.9461498
       ],
       [
        7.4445749,
        46.9461841
       ],
       [
        7.4445742,
        46.9461852
       ],
       [
        7.4446801,
        46.9462241
       ],
       [
        7.444769,
        46.9462657
       ],
       [
        7.4447704,
        46.9462643
       ],
       [
        7.4447936,
        46.946277
       ],
       [
        7.4447933,
        46.9462871
       ],
       [
        7.4451961,
        46.946287
       ],
       [
        7.4451948,
        46.9462575
       ],
       [
        7.4455814,
        46.9462574
       ],
       [
        7.4456327,
        46.9462669
       ],
       [
        7.4457328,
        46.946276
       ],
       [
        7.4457326,
        46.9463049
       ],
       [
        7.4462817,
        46.9463081
       ],
       [
        7.4462814,
        46.9467552
       ],
       [
        7.446184,
        46.9467551
       ],
       [
        7.446184,
        46.9467567
       ],
       [
        7.4461642,
        46.9467567
       ],
       [
        7.4461641,
        46.9467554
       ],
       [
        7.4460044,
        46.9467552
       ],
       [
        7.4460042,
        46.9467566
       ],
       [
        7.4459847,
        46.9467566
       ],
       [
        7.4459847,
        46.9467552
       ],
       [
        7.4449686,
        46.9467542
       ],
       [
        7.4449685,
        46.9467556
       ],
       [
        7.4449489,
        46.9467555
       ],
       [
        7.4449489,
        46.9467542
       ],
       [
        7.4447893,
        46.9467542
       ],
       [
        7.4447892,
        46.9467555
       ],
       [
        7.4447747,
        46.9467554
       ],
       [
        7.4447741,
        46.946788
       ]
      ]
     ]
    ]
   },
   "properties": {
    "fid": 58,
    "egrid": null,
    "site_fid": 88,
    "parcel_number": "1058",
    "municipality_bfs": null,
    "address_street": "Bundesgasse 1; Bundesgasse 3; Bundesplatz",
    "address_house_number": "3",
    "address_postal_code": null,
    "address_locality": "Bern",
    "address_region": null,
    "address_country": null,
    "address_full": "Bundesgasse 1; Bundesgasse 3; Bundesplatz 3, Bern ",
    "owner": 1,
    "responsible_actor_fid": 3,
    "area_m2": 26596,
    "perimeter": 1009.389562561633,
    "lv95_east": 2600387.29,
    "lv95_north": 1199471.31
   }
  },
  {
   "type": "Feature",
   "id": 59,
   "geometry": {
    "type": "MultiPolygon",
    "coordinates": [
     [
      [
       [
        9.1670456,
        47.6542929
       ],
       [
        9.1666749,
        47.6544269
       ],
       [
        9.1664477,
        47.6545092
       ],
       [
        9.1663326,
        47.6545509
       ],
       [
        9.1662147,
        47.6545936
       ],
       [
        9.1660117,
        47.6546671
       ],
       [
        9.1658141,
        47.6543039
       ],
       [
        9.1657615,
        47.6542093
       ],
       [
        9.1656541,
        47.6540116
       ],
       [
        9.1656638,
        47.6539939
       ],
       [
        9.1656876,
        47.653975
       ],
       [
        9.165713,
        47.653957
       ],
       [
        9.16574,
        47.6539402
       ],
       [
        9.1657684,
        47.6539245
       ],
       [
        9.1657982,
        47.6539099
       ],
       [
        9.1658293,
        47.6538967
       ],
       [
        9.1658614,
        47.6538847
       ],
       [
        9.1658946,
        47.653874
       ],
       [
        9.1659287,
        47.6538647
       ],
       [
        9.1666043,
        47.6537208
       ],
       [
        9.1668484,
        47.6540372
       ],
       [
        9.1670456,
        47.6542929
       ]
      ]
     ]
    ]
   },
   "properties": {
    "fid": 59,
    "egrid": null,
    "site_fid": 97,
    "parcel_number": "8774",
    "municipality_bfs": null,
    "address_street": "Döbelistrasse",
    "address_house_number": "13",
    "address_postal_code": null,
    "address_locality": "Kreuzlingen",
    "address_region": null,
    "address_country": null,
    "address_full": "Döbelistrasse 13, Kreuzlingen",
    "owner": 1,
    "responsible_actor_fid": 2,
    "area_m2": 6486.6,
    "perimeter": 317.71875262115697,
    "lv95_east": 2729789.53,
    "lv95_north": 1279592.82
   }
  },
  {
   "type": "Feature",
   "id": 60,
   "geometry": {
    "type": "MultiPolygon",
    "coordinates": [
     [
      [
       [
        6.2328412,
        46.4014722
       ],
       [
        6.2311177,
        46.4025473
       ],
       [
        6.2301145,
        46.4031734
       ],
       [
        6.2296907,
        46.4025053
       ],
       [
        6.2282167,
        46.403409
       ],
       [
        6.2282146,
        46.4033108
       ],
       [
        6.2287591,
        46.4016563
       ],
       [
        6.2286685,
        46.4016672
       ],
       [
        6.2285942,
        46.4010992
       ],
       [
        6.2274189,
        46.4015795
       ],
       [
        6.2261426,
        46.3991076
       ],
       [
        6.226246,
        46.3990329
       ],
       [
        6.2266002,
        46.3988892
       ],
       [
        6.227253,
        46.3986375
       ],
       [
        6.2276765,
        46.3984666
       ],
       [
        6.2279088,
        46.3983666
       ],
       [
        6.2280808,
        46.3982834
       ],
       [
        6.2281915,
        46.3982227
       ],
       [
        6.2282041,
        46.3981971
       ],
       [
        6.2282301,
        46.3981446
       ],
       [
        6.2282468,
        46.3980768
       ],
       [
        6.2283283,
        46.397988
       ],
       [
        6.2285323,
        46.3978563
       ],
       [
        6.2286633,
        46.3977623
       ],
       [
        6.2287901,
        46.3976268
       ],
       [
        6.2288504,
        46.3975391
       ],
       [
        6.229033,
        46.3972874
       ],
       [
        6.2291505,
        46.3971451
       ],
       [
        6.2294373,
        46.3969429
       ],
       [
        6.2295888,
        46.3968223
       ],
       [
        6.2298522,
        46.3966117
       ],
       [
        6.2300072,
        46.3965216
       ],
       [
        6.2303081,
        46.3963989
       ],
       [
        6.2305043,
        46.3963181
       ],
       [
        6.2306094,
        46.396286
       ],
       [
        6.2307204,
        46.3962651
       ],
       [
        6.2308108,
        46.3962611
       ],
       [
        6.2313281,
        46.3962664
       ],
       [
        6.2314714,
        46.3962791
       ],
       [
        6.2316699,
        46.3963161
       ],
       [
        6.2320459,
        46.3964318
       ],
       [
        6.2322666,
        46.3964833
       ],
       [
        6.2325129,
        46.3965111
       ],
       [
        6.2327934,
        46.3965238
       ],
       [
        6.2330371,
        46.3965353
       ],
       [
        6.2334659,
        46.3965701
       ],
       [
        6.2339349,
        46.3966186
       ],
       [
        6.2342843,
        46.3966396
       ],
       [
        6.2345355,
        46.3966338
       ],
       [
        6.2346946,
        46.3966062
       ],
       [
        6.2348842,
        46.3965424
       ],
       [
        6.2350335,
        46.3964978
       ],
       [
        6.2351994,
        46.3964673
       ],
       [
        6.2353651,
        46.3964539
       ],
       [
        6.2355298,
        46.3964543
       ],
       [
        6.2357375,
        46.3964748
       ],
       [
        6.2359604,
        46.3965009
       ],
       [
        6.236094,
        46.3965041
       ],
       [
        6.2363189,
        46.396499
       ],
       [
        6.2363648,
        46.3965171
       ],
       [
        6.2363796,
        46.3965475
       ],
       [
        6.2363694,
        46.3966562
       ],
       [
        6.2363402,
        46.3967636
       ],
       [
        6.2362929,
        46.3968494
       ],
       [
        6.2362227,
        46.3969261
       ],
       [
        6.2361361,
        46.3969965
       ],
       [
        6.2352564,
        46.3975735
       ],
       [
        6.2343509,
        46.3981675
       ],
       [
        6.2341942,
        46.3982954
       ],
       [
        6.2340238,
        46.3984753
       ],
       [
        6.2337877,
        46.3985315
       ],
       [
        6.233848,
        46.3988306
       ],
       [
        6.2339337,
        46.3989876
       ],
       [
        6.2340501,
        46.3991349
       ],
       [
        6.2343916,
        46.3995683
       ],
       [
        6.234501,
        46.3997189
       ],
       [
        6.2345925,
        46.3998681
       ],
       [
        6.2346857,
        46.4000269
       ],
       [
        6.2347969,
        46.4002358
       ],
       [
        6.2348086,
        46.4002576
       ],
       [
        6.2349109,
        46.4004827
       ],
       [
        6.2350017,
        46.4007249
       ],
       [
        6.2350336,
        46.4008189
       ],
       [
        6.2349796,
        46.4007238
       ],
       [
        6.2348871,
        46.4004873
       ],
       [
        6.234847,
        46.400448
       ],
       [
        6.234783,
        46.4004299
       ],
       [
        6.2346819,
        46.4004379
       ],
       [
        6.2345728,
        46.4004811
       ],
       [
        6.2342223,
        46.4006942
       ],
       [
        6.2339651,
        46.4008551
       ],
       [
        6.2338322,
        46.4008644
       ],
       [
        6.233345,
        46.4011604
       ],
       [
        6.2328412,
        46.4014722
       ]
      ]
     ],
     [
      [
       [
        6.238295,
        46.4021454
       ],
       [
        6.2386155,
        46.4024668
       ],
       [
        6.2385875,
        46.4024856
       ],
       [
        6.2392066,
        46.4031225
       ],
       [
        6.2392248,
        46.4031703
       ],
       [
        6.2374584,
        46.4039047
       ],
       [
        6.2366099,
        46.4018248
       ],
       [
        6.2354493,
        46.4021814
       ],
       [
        6.235299,
        46.4015025
       ],
       [
        6.2352768,
        46.4014022
       ],
       [
        6.235157,
        46.4008421
       ],
       [
        6.2351124,
        46.4006137
       ],
       [
        6.2350503,
        46.4004407
       ],
       [
        6.2349139,
        46.400124
       ],
       [
        6.2347679,
        46.3998999
       ],
       [
        6.2346053,
        46.3996822
       ],
       [
        6.2341412,
        46.3991018
       ],
       [
        6.2340419,
        46.3989488
       ],
       [
        6.2340017,
        46.3988361
       ],
       [
        6.2339996,
        46.3987615
       ],
       [
        6.2340321,
        46.3986436
       ],
       [
        6.2341157,
        46.3985062
       ],
       [
        6.234274,
        46.3983386
       ],
       [
        6.2344228,
        46.3982174
       ],
       [
        6.2349615,
        46.3978566
       ],
       [
        6.2353247,
        46.397624
       ],
       [
        6.2362171,
        46.397046
       ],
       [
        6.2366281,
        46.3967665
       ],
       [
        6.2381291,
        46.3983157
       ],
       [
        6.2387702,
        46.3989698
       ],
       [
        6.2391059,
        46.3994268
       ],
       [
        6.2381336,
        46.3998064
       ],
       [
        6.238043,
        46.3998416
       ],
       [
        6.2392417,
        46.4011595
       ],
       [
        6.2397609,
        46.4014545
       ],
       [
        6.238295,
        46.4021454
       ]
      ]
     ]
    ]
   },
   "properties": {
    "fid": 60,
    "egrid": null,
    "site_fid": 98,
    "parcel_number": null,
    "municipality_bfs": null,
    "address_street": "Route de Duillier",
    "address_house_number": "50",
    "address_postal_code": null,
    "address_locality": "Nyon",
    "address_region": null,
    "address_country": null,
    "address_full": "Route de Duillier 50, Nyon ",
    "owner": 1,
    "responsible_actor_fid": 2,
    "area_m2": 512610.9,
    "perimeter": 5082.807886981328,
    "lv95_east": 2507095.09,
    "lv95_north": 1139443.99
   }
  },
  {
   "type": "Feature",
   "id": 61,
   "geometry": {
    "type": "MultiPolygon",
    "coordinates": [
     [
      [
       [
        6.536968,
        46.6023222
       ],
       [
        6.5369467,
        46.6023449
       ],
       [
        6.536867,
        46.6024297
       ],
       [
        6.5367752,
        46.6025276
       ],
       [
        6.5367212,
        46.6025851
       ],
       [
        6.5366066,
        46.6027097
       ],
       [
        6.5355958,
        46.6029274
       ],
       [
        6.535496,
        46.6024185
       ],
       [
        6.5363068,
        46.6023442
       ],
       [
        6.5363765,
        46.602337
       ],
       [
        6.5365048,
        46.6023253
       ],
       [
        6.5365449,
        46.6023214
       ],
       [
        6.5365863,
        46.6023168
       ],
       [
        6.5366284,
        46.602311
       ],
       [
        6.5366686,
        46.6023045
       ],
       [
        6.5366963,
        46.6022994
       ],
       [
        6.5367211,
        46.6022945
       ],
       [
        6.5367611,
        46.6022857
       ],
       [
        6.5368141,
        46.6022724
       ],
       [
        6.5368455,
        46.6022636
       ],
       [
        6.5368702,
        46.6022562
       ],
       [
        6.5368868,
        46.602251
       ],
       [
        6.536968,
        46.6023222
       ]
      ]
     ],
     [
      [
       [
        6.5364993,
        46.6022713
       ],
       [
        6.5362953,
        46.6022901
       ],
       [
        6.5361508,
        46.6023029
       ],
       [
        6.5359229,
        46.6023245
       ],
       [
        6.5356426,
        46.6023504
       ],
       [
        6.5354338,
        46.6023697
       ],
       [
        6.5353541,
        46.6023769
       ],
       [
        6.5352438,
        46.6023854
       ],
       [
        6.5351615,
        46.6023902
       ],
       [
        6.5351637,
        46.6023033
       ],
       [
        6.5351671,
        46.6021638
       ],
       [
        6.5354536,
        46.6021671
       ],
       [
        6.5354837,
        46.6018733
       ],
       [
        6.5355891,
        46.6018527
       ],
       [
        6.5356113,
        46.6018483
       ],
       [
        6.5358298,
        46.6018054
       ],
       [
        6.5358967,
        46.6017866
       ],
       [
        6.5359422,
        46.6017741
       ],
       [
        6.5359753,
        46.6017663
       ],
       [
        6.53601,
        46.6017616
       ],
       [
        6.5360572,
        46.6017551
       ],
       [
        6.536076,
        46.6017526
       ],
       [
        6.5360901,
        46.6017519
       ],
       [
        6.536116,
        46.6017514
       ],
       [
        6.536183,
        46.6017339
       ],
       [
        6.5362351,
        46.6017429
       ],
       [
        6.5363162,
        46.6017828
       ],
       [
        6.5363892,
        46.6018168
       ],
       [
        6.5364663,
        46.6018873
       ],
       [
        6.5365266,
        46.6019026
       ],
       [
        6.5366219,
        46.6019268
       ],
       [
        6.5367272,
        46.6019532
       ],
       [
        6.5368238,
        46.6019955
       ],
       [
        6.5368358,
        46.601985
       ],
       [
        6.5369546,
        46.6020301
       ],
       [
        6.537111,
        46.6020889
       ],
       [
        6.5370912,
        46.6020994
       ],
       [
        6.5370101,
        46.6021412
       ],
       [
        6.5369371,
        46.6021724
       ],
       [
        6.5368437,
        46.6022053
       ],
       [
        6.5367478,
        46.6022314
       ],
       [
        6.5366696,
        46.6022485
       ],
       [
        6.5366187,
        46.6022572
       ],
       [
        6.5364993,
        46.6022713
       ]
      ]
     ]
    ]
   },
   "properties": {
    "fid": 61,
    "egrid": null,
    "site_fid": 107,
    "parcel_number": null,
    "municipality_bfs": null,
    "address_street": "Chemin de la Vaux",
    "address_house_number": "1",
    "address_postal_code": null,
    "address_locality": "Penthaz",
    "address_region": null,
    "address_country": null,
    "address_full": "Chemin de la Vaux 1, Penthaz ",
    "owner": 1,
    "responsible_actor_fid": 2,
    "area_m2": 11070.6,
    "perimeter": 682.8924713164018,
    "lv95_east": 2530859.69,
    "lv95_north": 1161597.8
   }
  },
  {
   "type": "Feature",
   "id": 62,
   "geometry": {
    "type": "Polygon",
    "coordinates": [
     [
      [
       8.5412667,
       47.378758
      ],
      [
       8.5412641,
       47.3787673
      ],
      [
       8.5412905,
       47.3787863
      ],
      [
       8.5412934,
       47.3788085
      ],
      [
       8.5411922,
       47.3790498
      ],
      [
       8.5411631,
       47.3791146
      ],
      [
       8.5411363,
       47.3791698
      ],
      [
       8.5411088,
       47.3792224
      ],
      [
       8.5410804,
       47.3792735
      ],
      [
       8.5410505,
       47.3793242
      ],
      [
       8.5411372,
       47.3794237
      ],
      [
       8.5410304,
       47.3796793
      ],
      [
       8.5409894,
       47.3797343
      ],
      [
       8.5408964,
       47.3797805
      ],
      [
       8.5408374,
       47.3797922
      ],
      [
       8.5408058,
       47.3797907
      ],
      [
       8.5403427,
       47.379647
      ],
      [
       8.5397877,
       47.3797975
      ],
      [
       8.53967,
       47.3798456
      ],
      [
       8.53965,
       47.3798521
      ],
      [
       8.539629,
       47.3798566
      ],
      [
       8.5396072,
       47.3798592
      ],
      [
       8.5395851,
       47.3798598
      ],
      [
       8.5395667,
       47.3798587
      ],
      [
       8.5395512,
       47.3798567
      ],
      [
       8.5395351,
       47.3798534
      ],
      [
       8.5395196,
       47.3798489
      ],
      [
       8.5395049,
       47.3798434
      ],
      [
       8.5394931,
       47.3798379
      ],
      [
       8.5394802,
       47.3798305
      ],
      [
       8.5394686,
       47.3798222
      ],
      [
       8.5394584,
       47.3798131
      ],
      [
       8.5394496,
       47.3798033
      ],
      [
       8.5394434,
       47.3797944
      ],
      [
       8.539355,
       47.3796442
      ],
      [
       8.538816,
       47.37979
      ],
      [
       8.5387447,
       47.3796366
      ],
      [
       8.5386924,
       47.3796533
      ],
      [
       8.5384788,
       47.3792875
      ],
      [
       8.5387546,
       47.3791608
      ],
      [
       8.5388105,
       47.3791362
      ],
      [
       8.5388675,
       47.3791129
      ],
      [
       8.5389256,
       47.3790908
      ],
      [
       8.5389747,
       47.3790733
      ],
      [
       8.5390345,
       47.3790534
      ],
      [
       8.5402263,
       47.3787301
      ],
      [
       8.5402992,
       47.3787121
      ],
      [
       8.5403733,
       47.3786965
      ],
      [
       8.540439,
       47.3786849
      ],
      [
       8.5405149,
       47.378674
      ],
      [
       8.5405915,
       47.3786656
      ],
      [
       8.5406686,
       47.3786597
      ],
      [
       8.5407363,
       47.3786566
      ],
      [
       8.5408042,
       47.3786555
      ],
      [
       8.5409993,
       47.3786569
      ],
      [
       8.5410321,
       47.3786583
      ],
      [
       8.5410693,
       47.3786622
      ],
      [
       8.5411057,
       47.3786687
      ],
      [
       8.5411323,
       47.3786751
      ],
      [
       8.5412005,
       47.3786942
      ],
      [
       8.5412667,
       47.378758
      ]
     ]
    ]
   },
   "properties": {
    "fid": 62,
    "egrid": null,
    "site_fid": 110,
    "parcel_number": null,
    "municipality_bfs": null,
    "address_street": "Museumstrasse",
    "address_house_number": "2",
    "address_postal_code": null,
    "address_locality": "Zürich",
    "address_region": null,
    "address_country": null,
    "address_full": "Museumstrasse 2, Zürich",
    "owner": 1,
    "responsible_actor_fid": 2,
    "area_m2": 18935.6,
    "perimeter": 604.0909220206615,
    "lv95_east": 2683156.51,
    "lv95_north": 1248186.48
   }
  },
  {
   "type": "Feature",
   "id": 63,
   "geometry": {
    "type": "MultiPolygon",
    "coordinates": [
     [
      [
       [
        7.3633073,
        46.8799659
       ],
       [
        7.3633257,
        46.8799764
       ],
       [
        7.3637441,
        46.8802132
       ],
       [
        7.3638661,
        46.8802778
       ],
       [
        7.3638736,
        46.8802818
       ],
       [
        7.3639657,
        46.8803307
       ],
       [
        7.363954,
        46.8803389
       ],
       [
        7.3639528,
        46.8803399
       ],
       [
        7.3639531,
        46.8803401
       ],
       [
        7.3640212,
        46.8803774
       ],
       [
        7.3641283,
        46.8804337
       ],
       [
        7.3641877,
        46.8804657
       ],
       [
        7.364195,
        46.8804697
       ],
       [
        7.3642295,
        46.8804883
       ],
       [
        7.3643357,
        46.8805449
       ],
       [
        7.3644201,
        46.8805917
       ],
       [
        7.364501,
        46.8806341
       ],
       [
        7.3645554,
        46.8806636
       ],
       [
        7.3646133,
        46.880695
       ],
       [
        7.3646248,
        46.8807012
       ],
       [
        7.3646551,
        46.8807176
       ],
       [
        7.3647444,
        46.880761
       ],
       [
        7.3648019,
        46.8807863
       ],
       [
        7.3648078,
        46.880789
       ],
       [
        7.3648733,
        46.8808146
       ],
       [
        7.3649414,
        46.8808424
       ],
       [
        7.3650604,
        46.8808858
       ],
       [
        7.3651715,
        46.8809266
       ],
       [
        7.3652772,
        46.8809656
       ],
       [
        7.3652957,
        46.8809726
       ],
       [
        7.3653038,
        46.8809756
       ],
       [
        7.3654174,
        46.8810185
       ],
       [
        7.3655132,
        46.8810542
       ],
       [
        7.3656066,
        46.8810888
       ],
       [
        7.3657882,
        46.881157
       ],
       [
        7.3657742,
        46.8811786
       ],
       [
        7.3657742,
        46.8811787
       ],
       [
        7.3657755,
        46.8811791
       ],
       [
        7.3657676,
        46.8811902
       ],
       [
        7.3657191,
        46.8812587
       ],
       [
        7.3656997,
        46.8812861
       ],
       [
        7.3656247,
        46.8813744
       ],
       [
        7.3655446,
        46.8814817
       ],
       [
        7.365407,
        46.8816623
       ],
       [
        7.3653148,
        46.8817857
       ],
       [
        7.3652328,
        46.8818936
       ],
       [
        7.3651625,
        46.8819868
       ],
       [
        7.3649944,
        46.8819894
       ],
       [
        7.3648144,
        46.8819866
       ],
       [
        7.3646677,
        46.8819352
       ],
       [
        7.3644944,
        46.8818739
       ],
       [
        7.3643108,
        46.881811
       ],
       [
        7.3642351,
        46.8817605
       ],
       [
        7.3641278,
        46.8816933
       ],
       [
        7.3639962,
        46.8816177
       ],
       [
        7.3638475,
        46.8815589
       ],
       [
        7.3637136,
        46.8815113
       ],
       [
        7.363473,
        46.8814234
       ],
       [
        7.3633185,
        46.8813693
       ],
       [
        7.3632105,
        46.8813336
       ],
       [
        7.3630948,
        46.8813121
       ],
       [
        7.3628769,
        46.8812796
       ],
       [
        7.3626885,
        46.8812497
       ],
       [
        7.3625642,
        46.8812315
       ],
       [
        7.3624611,
        46.8812117
       ],
       [
        7.3623907,
        46.8811955
       ],
       [
        7.362325,
        46.8811718
       ],
       [
        7.3623023,
        46.8811595
       ],
       [
        7.3622834,
        46.8811445
       ],
       [
        7.362269,
        46.8811273
       ],
       [
        7.3622596,
        46.8811086
       ],
       [
        7.3622622,
        46.8810808
       ],
       [
        7.3622716,
        46.8810537
       ],
       [
        7.3622914,
        46.8810233
       ],
       [
        7.3623599,
        46.880934
       ],
       [
        7.3624411,
        46.8808306
       ],
       [
        7.3625126,
        46.8807378
       ],
       [
        7.3626011,
        46.8806223
       ],
       [
        7.3626734,
        46.880532
       ],
       [
        7.3627523,
        46.8804301
       ],
       [
        7.3628113,
        46.8803554
       ],
       [
        7.3628813,
        46.8802611
       ],
       [
        7.3629418,
        46.8801864
       ],
       [
        7.3629927,
        46.8801208
       ],
       [
        7.3630281,
        46.8800759
       ],
       [
        7.3630605,
        46.8800336
       ],
       [
        7.3630626,
        46.8800308
       ],
       [
        7.3630407,
        46.8800103
       ],
       [
        7.363019,
        46.8799952
       ],
       [
        7.3627113,
        46.8798215
       ],
       [
        7.3622935,
        46.8795844
       ],
       [
        7.3622428,
        46.8795615
       ],
       [
        7.3621877,
        46.8795442
       ],
       [
        7.3621296,
        46.879533
       ],
       [
        7.3620698,
        46.8795276
       ],
       [
        7.3619717,
        46.8795317
       ],
       [
        7.3621585,
        46.8794941
       ],
       [
        7.3623685,
        46.8794346
       ],
       [
        7.3633073,
        46.8799659
       ]
      ]
     ]
    ]
   },
   "properties": {
    "fid": 63,
    "egrid": null,
    "site_fid": 111,
    "parcel_number": "1578",
    "municipality_bfs": null,
    "address_street": "Sensemattstrasse",
    "address_house_number": "293",
    "address_postal_code": null,
    "address_locality": "Mittelhäusern",
    "address_region": null,
    "address_country": null,
    "address_full": "Sensemattstrasse 293, Mittelhäusern",
    "owner": 1,
    "responsible_actor_fid": 3,
    "area_m2": 31601,
    "perimeter": 948.3798110820143,
    "lv95_east": 2594279.56,
    "lv95_north": 1192179.32
   }
  },
  {
   "type": "Feature",
   "id": 64,
   "geometry": {
    "type": "MultiPolygon",
    "coordinates": [
     [
      [
       [
        7.4638314,
        46.9595566
       ],
       [
        7.4652214,
        46.9613729
       ],
       [
        7.4651791,
        46.9613881
       ],
       [
        7.462629,
        46.9623033
       ],
       [
        7.462643,
        46.9623216
       ],
       [
        7.4626214,
        46.9623349
       ],
       [
        7.4626033,
        46.9623504
       ],
       [
        7.462589,
        46.9623676
       ],
       [
        7.4625789,
        46.9623863
       ],
       [
        7.4624504,
        46.9622883
       ],
       [
        7.4625538,
        46.9622715
       ],
       [
        7.4626522,
        46.9622442
       ],
       [
        7.4631896,
        46.9620513
       ],
       [
        7.4632062,
        46.9620438
       ],
       [
        7.4632204,
        46.9620343
       ],
       [
        7.4632315,
        46.962023
       ],
       [
        7.4632393,
        46.9620105
       ],
       [
        7.4632433,
        46.9619972
       ],
       [
        7.4632434,
        46.9619837
       ],
       [
        7.4632398,
        46.9619704
       ],
       [
        7.4632324,
        46.9619578
       ],
       [
        7.462749,
        46.9613268
       ],
       [
        7.4626492,
        46.9612214
       ],
       [
        7.4623629,
        46.9608469
       ],
       [
        7.4618318,
        46.9601521
       ],
       [
        7.4618265,
        46.9601449
       ],
       [
        7.461823,
        46.9601371
       ],
       [
        7.4618214,
        46.9601291
       ],
       [
        7.4618217,
        46.9601211
       ],
       [
        7.4618239,
        46.9601131
       ],
       [
        7.4618279,
        46.9601056
       ],
       [
        7.4618337,
        46.9600986
       ],
       [
        7.461841,
        46.9600923
       ],
       [
        7.46197,
        46.9600131
       ],
       [
        7.4621187,
        46.9599516
       ],
       [
        7.4626305,
        46.9597684
       ],
       [
        7.46345,
        46.959475
       ],
       [
        7.4635013,
        46.959461
       ],
       [
        7.4635556,
        46.959454
       ],
       [
        7.463611,
        46.9594543
       ],
       [
        7.4636652,
        46.959462
       ],
       [
        7.4637163,
        46.9594767
       ],
       [
        7.4637622,
        46.9594979
       ],
       [
        7.463801,
        46.9595249
       ],
       [
        7.4638314,
        46.9595566
       ]
      ]
     ]
    ]
   },
   "properties": {
    "fid": 64,
    "egrid": null,
    "site_fid": 112,
    "parcel_number": null,
    "municipality_bfs": null,
    "address_street": "Guisanplatz",
    "address_house_number": "1",
    "address_postal_code": null,
    "address_locality": "Bern",
    "address_region": null,
    "address_country": null,
    "address_full": "Guisanplatz 1, Bern",
    "owner": 1,
    "responsible_actor_fid": 2,
    "area_m2": 41434.3,
    "perimeter": 959.8997036683546,
    "lv95_east": 2601910.53,
    "lv95_north": 1201106.55
   }
  },
  {
   "type": "Feature",
   "id": 65,
   "geometry": {
    "type": "MultiPolygon",
    "coordinates": [
     [
      [
       [
        8.8596251,
        47.6589102
       ],
       [
        8.8596229,
        47.6589119
       ],
       [
        8.8595781,
        47.6589484
       ],
       [
        8.8595692,
        47.6589485
       ],
       [
        8.859565,
        47.6589263
       ],
       [
        8.8595443,
        47.6589109
       ],
       [
        8.8595425,
        47.6589096
       ],
       [
        8.8595087,
        47.6589317
       ],
       [
        8.8595063,
        47.6589333
       ],
       [
        8.8594731,
        47.6589167
       ],
       [
        8.8594753,
        47.658915
       ],
       [
        8.8595225,
        47.6588775
       ],
       [
        8.8595246,
        47.6588758
       ],
       [
        8.8595228,
        47.6588739
       ],
       [
        8.8594816,
        47.6588306
       ],
       [
        8.8594808,
        47.6588297
       ],
       [
        8.8594798,
        47.6588287
       ],
       [
        8.8594771,
        47.6588299
       ],
       [
        8.8594143,
        47.6588575
       ],
       [
        8.8594121,
        47.6588585
       ],
       [
        8.8594139,
        47.6588572
       ],
       [
        8.8594138,
        47.6588571
       ],
       [
        8.8594136,
        47.658857
       ],
       [
        8.8594135,
        47.658857
       ],
       [
        8.8594133,
        47.6588569
       ],
       [
        8.8594132,
        47.6588568
       ],
       [
        8.859413,
        47.6588568
       ],
       [
        8.8594128,
        47.6588568
       ],
       [
        8.8594126,
        47.6588567
       ],
       [
        8.8594124,
        47.6588567
       ],
       [
        8.8594123,
        47.6588567
       ],
       [
        8.8594121,
        47.6588567
       ],
       [
        8.8594119,
        47.6588567
       ],
       [
        8.8594117,
        47.6588567
       ],
       [
        8.8594115,
        47.6588567
       ],
       [
        8.8594113,
        47.6588568
       ],
       [
        8.8594111,
        47.6588568
       ],
       [
        8.859411,
        47.6588569
       ],
       [
        8.8594108,
        47.6588569
       ],
       [
        8.8594106,
        47.658857
       ],
       [
        8.8594082,
        47.6588544
       ],
       [
        8.8593508,
        47.6587945
       ],
       [
        8.859349,
        47.6587927
       ],
       [
        8.8593518,
        47.6587914
       ],
       [
        8.8593844,
        47.6587765
       ],
       [
        8.8593872,
        47.6587752
       ],
       [
        8.8593899,
        47.6587739
       ],
       [
        8.8595427,
        47.6587
       ],
       [
        8.8595441,
        47.6586993
       ],
       [
        8.8595468,
        47.658698
       ],
       [
        8.8596744,
        47.6586398
       ],
       [
        8.8596751,
        47.6586396
       ],
       [
        8.859578,
        47.6585328
       ],
       [
        8.8597481,
        47.6584649
       ],
       [
        8.8597487,
        47.6584647
       ],
       [
        8.8597522,
        47.6584676
       ],
       [
        8.8597524,
        47.6584678
       ],
       [
        8.8598814,
        47.6584202
       ],
       [
        8.8599036,
        47.6584121
       ],
       [
        8.8599047,
        47.6584117
       ],
       [
        8.859906,
        47.6584113
       ],
       [
        8.8599162,
        47.658408
       ],
       [
        8.859916,
        47.6584076
       ],
       [
        8.8599159,
        47.6584073
       ],
       [
        8.8599159,
        47.6584071
       ],
       [
        8.8599159,
        47.658407
       ],
       [
        8.8599159,
        47.6584069
       ],
       [
        8.859916,
        47.6584068
       ],
       [
        8.859916,
        47.6584066
       ],
       [
        8.8599161,
        47.6584065
       ],
       [
        8.8599162,
        47.6584064
       ],
       [
        8.8599163,
        47.6584063
       ],
       [
        8.8599164,
        47.6584062
       ],
       [
        8.8599165,
        47.6584061
       ],
       [
        8.8599166,
        47.658406
       ],
       [
        8.859918,
        47.6584069
       ],
       [
        8.8599186,
        47.6584072
       ],
       [
        8.8599342,
        47.6584012
       ],
       [
        8.8599374,
        47.6584004
       ],
       [
        8.8599413,
        47.6583995
       ],
       [
        8.860032,
        47.6583784
       ],
       [
        8.8600504,
        47.6583741
       ],
       [
        8.8600559,
        47.6583728
       ],
       [
        8.8600826,
        47.6583666
       ],
       [
        8.8600822,
        47.6583667
       ],
       [
        8.860083,
        47.6583665
       ],
       [
        8.860082,
        47.6583645
       ],
       [
        8.860081,
        47.6583626
       ],
       [
        8.86008,
        47.6583606
       ],
       [
        8.860079,
        47.6583586
       ],
       [
        8.8600781,
        47.6583567
       ],
       [
        8.8600771,
        47.6583547
       ],
       [
        8.8600761,
        47.6583528
       ],
       [
        8.8600751,
        47.6583508
       ],
       [
        8.8600741,
        47.6583489
       ],
       [
        8.8600732,
        47.6583469
       ],
       [
        8.8600883,
        47.6583433
       ],
       [
        8.8600893,
        47.6583453
       ],
       [
        8.8600903,
        47.6583473
       ],
       [
        8.8600913,
        47.6583492
       ],
       [
        8.8600923,
        47.6583512
       ],
       [
        8.8600933,
        47.6583531
       ],
       [
        8.8600943,
        47.6583551
       ],
       [
        8.8600953,
        47.658357
       ],
       [
        8.8600963,
        47.658359
       ],
       [
        8.8600973,
        47.6583609
       ],
       [
        8.8600983,
        47.6583629
       ],
       [
        8.8601006,
        47.6583624
       ],
       [
        8.8601006,
        47.6583624
       ],
       [
        8.8601791,
        47.6583442
       ],
       [
        8.86017,
        47.6583247
       ],
       [
        8.8602051,
        47.6583187
       ],
       [
        8.8602136,
        47.6583369
       ],
       [
        8.860381,
        47.658304
       ],
       [
        8.8604364,
        47.6583107
       ],
       [
        8.860507,
        47.6583192
       ],
       [
        8.8606321,
        47.6583344
       ],
       [
        8.8606825,
        47.6583499
       ],
       [
        8.8608501,
        47.6583635
       ],
       [
        8.8608619,
        47.6584632
       ],
       [
        8.860864,
        47.6584803
       ],
       [
        8.8607357,
        47.6584872
       ],
       [
        8.8607534,
        47.6585448
       ],
       [
        8.8607613,
        47.6585621
       ],
       [
        8.8608737,
        47.6585607
       ],
       [
        8.8608995,
        47.6585604
       ],
       [
        8.860908,
        47.65861
       ],
       [
        8.8609106,
        47.6586255
       ],
       [
        8.8609032,
        47.6586266
       ],
       [
        8.8608917,
        47.6586282
       ],
       [
        8.8608775,
        47.6586319
       ],
       [
        8.860867,
        47.6586347
       ],
       [
        8.860768,
        47.6586611
       ],
       [
        8.8607336,
        47.6586702
       ],
       [
        8.8607241,
        47.6586728
       ],
       [
        8.860655,
        47.6586911
       ],
       [
        8.8606254,
        47.658699
       ],
       [
        8.8605915,
        47.6586489
       ],
       [
        8.8605613,
        47.6586615
       ],
       [
        8.8605286,
        47.6586752
       ],
       [
        8.8605262,
        47.6586726
       ],
       [
        8.860523,
        47.6586691
       ],
       [
        8.8604949,
        47.6586803
       ],
       [
        8.8604916,
        47.6586817
       ],
       [
        8.8604882,
        47.658683
       ],
       [
        8.8604847,
        47.6586844
       ],
       [
        8.8604813,
        47.6586858
       ],
       [
        8.8604779,
        47.6586872
       ],
       [
        8.8604744,
        47.6586885
       ],
       [
        8.860471,
        47.6586899
       ],
       [
        8.860461,
        47.6586939
       ],
       [
        8.8604609,
        47.6586939
       ],
       [
        8.8604542,
        47.6586966
       ],
       [
        8.8604256,
        47.6587081
       ],
       [
        8.8604221,
        47.6587095
       ],
       [
        8.8604184,
        47.6587109
       ],
       [
        8.8604126,
        47.6587133
       ],
       [
        8.8604089,
        47.6587147
       ],
       [
        8.8604054,
        47.6587161
       ],
       [
        8.8602736,
        47.6587689
       ],
       [
        8.8602711,
        47.6587699
       ],
       [
        8.8602605,
        47.6587741
       ],
       [
        8.8602238,
        47.6587888
       ],
       [
        8.8602179,
        47.6587912
       ],
       [
        8.8602162,
        47.6587893
       ],
       [
        8.860201,
        47.6587725
       ],
       [
        8.8602002,
        47.6587717
       ],
       [
        8.8601863,
        47.6587563
       ],
       [
        8.8601838,
        47.6587536
       ],
       [
        8.8601811,
        47.658751
       ],
       [
        8.8601794,
        47.6587494
       ],
       [
        8.8601762,
        47.6587463
       ],
       [
        8.8600106,
        47.6588251
       ],
       [
        8.8600064,
        47.6588206
       ],
       [
        8.8600046,
        47.6588187
       ],
       [
        8.8599703,
        47.6588321
       ],
       [
        8.8599444,
        47.6588423
       ],
       [
        8.8599457,
        47.6588436
       ],
       [
        8.8599446,
        47.6588434
       ],
       [
        8.8599448,
        47.6588437
       ],
       [
        8.8600109,
        47.6588819
       ],
       [
        8.8599609,
        47.6589009
       ],
       [
        8.8598552,
        47.6589442
       ],
       [
        8.8598007,
        47.6588839
       ],
       [
        8.8597473,
        47.6588249
       ],
       [
        8.8596637,
        47.6588568
       ],
       [
        8.8596608,
        47.6588579
       ],
       [
        8.8596591,
        47.658856
       ],
       [
        8.859654,
        47.6588502
       ],
       [
        8.8596523,
        47.6588482
       ],
       [
        8.8596494,
        47.6588494
       ],
       [
        8.8596113,
        47.6588646
       ],
       [
        8.8596084,
        47.6588657
       ],
       [
        8.8596104,
        47.6588677
       ],
       [
        8.8596274,
        47.6588844
       ],
       [
        8.8596095,
        47.6588912
       ],
       [
        8.8596112,
        47.6588936
       ],
       [
        8.8596225,
        47.6589071
       ],
       [
        8.8596234,
        47.6589082
       ],
       [
        8.8596251,
        47.6589102
       ]
      ]
     ]
    ]
   },
   "properties": {
    "fid": 65,
    "egrid": null,
    "site_fid": 118,
    "parcel_number": null,
    "municipality_bfs": null,
    "address_street": "Fischmarkt",
    "address_house_number": "3",
    "address_postal_code": null,
    "address_locality": "Stein am Rhein",
    "address_region": null,
    "address_country": null,
    "address_full": "Fischmarkt 3, Stein am Rhein",
    "owner": 1,
    "responsible_actor_fid": 3,
    "area_m2": 4387.3,
    "perimeter": 393.733206443165,
    "lv95_east": 2706793.72,
    "lv95_north": 1279631.84
   }
  },
  {
   "type": "Feature",
   "id": 66,
   "geometry": {
    "type": "MultiPolygon",
    "coordinates": [
     [
      [
       [
        8.9079013,
        47.4795626
       ],
       [
        8.9078558,
        47.4795794
       ],
       [
        8.9078084,
        47.4796896
       ],
       [
        8.9078039,
        47.4796914
       ],
       [
        8.9078017,
        47.4796971
       ],
       [
        8.9077111,
        47.4797546
       ],
       [
        8.9077034,
        47.4797621
       ],
       [
        8.9076988,
        47.4797709
       ],
       [
        8.907688,
        47.4798067
       ],
       [
        8.9076872,
        47.479814
       ],
       [
        8.9076748,
        47.4798679
       ],
       [
        8.9072209,
        47.4798289
       ],
       [
        8.9070599,
        47.4798171
       ],
       [
        8.9070536,
        47.4798151
       ],
       [
        8.9069643,
        47.4798093
       ],
       [
        8.9067815,
        47.4797947
       ],
       [
        8.9067736,
        47.4798401
       ],
       [
        8.9063416,
        47.4798061
       ],
       [
        8.9063356,
        47.4798395
       ],
       [
        8.9063282,
        47.4798389
       ],
       [
        8.9063285,
        47.4798381
       ],
       [
        8.906328,
        47.4798391
       ],
       [
        8.906183,
        47.4798289
       ],
       [
        8.906173,
        47.479884
       ],
       [
        8.9061099,
        47.4798788
       ],
       [
        8.9061022,
        47.4799216
       ],
       [
        8.9060984,
        47.4799349
       ],
       [
        8.9060893,
        47.4799342
       ],
       [
        8.9060558,
        47.4801269
       ],
       [
        8.9060689,
        47.480128
       ],
       [
        8.9060514,
        47.4802287
       ],
       [
        8.9058032,
        47.4802087
       ],
       [
        8.9057956,
        47.4802529
       ],
       [
        8.9057695,
        47.4804696
       ],
       [
        8.9058016,
        47.480517
       ],
       [
        8.9057914,
        47.4806168
       ],
       [
        8.9055558,
        47.4805981
       ],
       [
        8.9053408,
        47.4805892
       ],
       [
        8.9053661,
        47.4804618
       ],
       [
        8.9053908,
        47.4802092
       ],
       [
        8.9054788,
        47.4797582
       ],
       [
        8.9054334,
        47.479441
       ],
       [
        8.9053719,
        47.4793418
       ],
       [
        8.9053571,
        47.4793226
       ],
       [
        8.905325,
        47.4792853
       ],
       [
        8.9052896,
        47.4792493
       ],
       [
        8.9052707,
        47.4792319
       ],
       [
        8.9052306,
        47.4791982
       ],
       [
        8.9051876,
        47.4791663
       ],
       [
        8.9051597,
        47.4791478
       ],
       [
        8.9051223,
        47.4791251
       ],
       [
        8.9050587,
        47.479091
       ],
       [
        8.905242,
        47.4791164
       ],
       [
        8.9054501,
        47.479134
       ],
       [
        8.9054541,
        47.4790767
       ],
       [
        8.9054548,
        47.4790767
       ],
       [
        8.9054542,
        47.4790683
       ],
       [
        8.9054797,
        47.4786937
       ],
       [
        8.9054928,
        47.4783633
       ],
       [
        8.9060327,
        47.4783596
       ],
       [
        8.906055,
        47.478704
       ],
       [
        8.9060563,
        47.4788639
       ],
       [
        8.9065046,
        47.4788307
       ],
       [
        8.9065136,
        47.4786594
       ],
       [
        8.906541,
        47.4784375
       ],
       [
        8.9065413,
        47.4784389
       ],
       [
        8.9080209,
        47.4786331
       ],
       [
        8.9079091,
        47.4790196
       ],
       [
        8.9079058,
        47.479027
       ],
       [
        8.907906,
        47.4790582
       ],
       [
        8.9079087,
        47.4790887
       ],
       [
        8.9079143,
        47.479119
       ],
       [
        8.9079162,
        47.4791368
       ],
       [
        8.9079198,
        47.4791545
       ],
       [
        8.9079249,
        47.479172
       ],
       [
        8.9079316,
        47.4791893
       ],
       [
        8.9079398,
        47.4792062
       ],
       [
        8.9079496,
        47.4792228
       ],
       [
        8.9079608,
        47.4792389
       ],
       [
        8.9079657,
        47.4792426
       ],
       [
        8.9079756,
        47.4792607
       ],
       [
        8.9079869,
        47.4792783
       ],
       [
        8.9079996,
        47.4792956
       ],
       [
        8.9080137,
        47.4793123
       ],
       [
        8.908029,
        47.4793285
       ],
       [
        8.9080456,
        47.4793442
       ],
       [
        8.9080634,
        47.4793592
       ],
       [
        8.9080644,
        47.4793587
       ],
       [
        8.9080629,
        47.4793577
       ],
       [
        8.9081732,
        47.4794225
       ],
       [
        8.9081844,
        47.4794142
       ],
       [
        8.9083987,
        47.4792913
       ],
       [
        8.9084144,
        47.4792854
       ],
       [
        8.9084316,
        47.4792821
       ],
       [
        8.9084406,
        47.4792815
       ],
       [
        8.9084496,
        47.4792815
       ],
       [
        8.9084672,
        47.4792836
       ],
       [
        8.9084837,
        47.4792884
       ],
       [
        8.9084982,
        47.4792955
       ],
       [
        8.9085099,
        47.4793047
       ],
       [
        8.9085454,
        47.4794773
       ],
       [
        8.9087178,
        47.4794639
       ],
       [
        8.9087327,
        47.479557
       ],
       [
        8.9084392,
        47.4795149
       ],
       [
        8.908386,
        47.4795096
       ],
       [
        8.9083593,
        47.4795077
       ],
       [
        8.9083035,
        47.4795053
       ],
       [
        8.9082628,
        47.4795051
       ],
       [
        8.9082164,
        47.4795061
       ],
       [
        8.9081699,
        47.4795087
       ],
       [
        8.9081204,
        47.4795135
       ],
       [
        8.9080835,
        47.4795182
       ],
       [
        8.9080288,
        47.4795283
       ],
       [
        8.9079788,
        47.4795397
       ],
       [
        8.907946,
        47.4795486
       ],
       [
        8.9079013,
        47.4795626
       ]
      ],
      [
       [
        8.9050623,
        47.4790922
       ],
       [
        8.9050614,
        47.4790923
       ],
       [
        8.9050618,
        47.4790925
       ],
       [
        8.9050623,
        47.4790922
       ]
      ],
      [
       [
        8.9078896,
        47.4795667
       ],
       [
        8.9078916,
        47.479566
       ],
       [
        8.9078936,
        47.4795653
       ],
       [
        8.9078896,
        47.4795667
       ]
      ]
     ],
     [
      [
       [
        8.9052771,
        47.4799182
       ],
       [
        8.9049811,
        47.479846
       ],
       [
        8.9049373,
        47.4799257
       ],
       [
        8.9046116,
        47.4798479
       ],
       [
        8.9046587,
        47.4797568
       ],
       [
        8.9049867,
        47.479836
       ],
       [
        8.9052834,
        47.4799089
       ],
       [
        8.9052771,
        47.4799182
       ]
      ]
     ]
    ]
   },
   "properties": {
    "fid": 66,
    "egrid": null,
    "site_fid": 138,
    "parcel_number": null,
    "municipality_bfs": null,
    "address_street": "Tänikon",
    "address_house_number": "1",
    "address_postal_code": null,
    "address_locality": "Ettenhausen",
    "address_region": null,
    "address_country": null,
    "address_full": "Tänikon 1, Ettenhausen",
    "owner": 1,
    "responsible_actor_fid": 2,
    "area_m2": 31429.8,
    "perimeter": 1251.0088849831443,
    "lv95_east": 2710674.17,
    "lv95_north": 1259778.89
   }
  },
  {
   "type": "Feature",
   "id": 67,
   "geometry": {
    "type": "MultiPolygon",
    "coordinates": [
     [
      [
       [
        7.472504,
        46.9764876
       ],
       [
        7.4725064,
        46.9764897
       ],
       [
        7.4725526,
        46.9765296
       ],
       [
        7.4725566,
        46.976533
       ],
       [
        7.4725831,
        46.9765559
       ],
       [
        7.472584,
        46.9765567
       ],
       [
        7.4726803,
        46.9766398
       ],
       [
        7.4726837,
        46.9766425
       ],
       [
        7.4726908,
        46.976648
       ],
       [
        7.4726915,
        46.976649
       ],
       [
        7.4727465,
        46.9766974
       ],
       [
        7.4727468,
        46.9766976
       ],
       [
        7.4727487,
        46.9766998
       ],
       [
        7.472742,
        46.9767031
       ],
       [
        7.4726939,
        46.9767627
       ],
       [
        7.4725864,
        46.976815
       ],
       [
        7.4723552,
        46.9769108
       ],
       [
        7.4723255,
        46.9769231
       ],
       [
        7.4721964,
        46.9769765
       ],
       [
        7.4720982,
        46.9770172
       ],
       [
        7.4718902,
        46.9771034
       ],
       [
        7.4718015,
        46.9771402
       ],
       [
        7.4718005,
        46.9771406
       ],
       [
        7.4717949,
        46.977143
       ],
       [
        7.4717898,
        46.9771451
       ],
       [
        7.4716634,
        46.9771634
       ],
       [
        7.471664,
        46.9771632
       ],
       [
        7.4708271,
        46.9764405
       ],
       [
        7.4707292,
        46.9764939
       ],
       [
        7.4706909,
        46.9764629
       ],
       [
        7.4699052,
        46.9768917
       ],
       [
        7.4698781,
        46.9768603
       ],
       [
        7.4699861,
        46.9768107
       ],
       [
        7.4701261,
        46.9767136
       ],
       [
        7.4710548,
        46.9759756
       ],
       [
        7.471217,
        46.9758061
       ],
       [
        7.4713618,
        46.9759187
       ],
       [
        7.4716662,
        46.9757495
       ],
       [
        7.4724136,
        46.9763954
       ],
       [
        7.4724229,
        46.9764023
       ],
       [
        7.4724114,
        46.9764085
       ],
       [
        7.4724113,
        46.9764085
       ],
       [
        7.4724197,
        46.9764155
       ],
       [
        7.4724348,
        46.9764279
       ],
       [
        7.472504,
        46.9764876
       ]
      ]
     ]
    ]
   },
   "properties": {
    "fid": 67,
    "egrid": null,
    "site_fid": 142,
    "parcel_number": null,
    "municipality_bfs": null,
    "address_street": "Pulverstrasse",
    "address_house_number": "11",
    "address_postal_code": null,
    "address_locality": "Ittigen",
    "address_region": null,
    "address_country": null,
    "address_full": "Pulverstrasse 11, Ittigen",
    "owner": 1,
    "responsible_actor_fid": 2,
    "area_m2": 14151.4,
    "perimeter": 633.5143266630846,
    "lv95_east": 2602512.41,
    "lv95_north": 1202820.76
   }
  },
  {
   "type": "Feature",
   "id": 68,
   "geometry": {
    "type": "Polygon",
    "coordinates": [
     [
      [
       7.4640098,
       46.9961926
      ],
      [
       7.4638297,
       46.9965672
      ],
      [
       7.4638336,
       46.9965696
      ],
      [
       7.4638339,
       46.9965729
      ],
      [
       7.4637091,
       46.9968324
      ],
      [
       7.4637089,
       46.9968351
      ],
      [
       7.4637069,
       46.996837
      ],
      [
       7.4636882,
       46.9968759
      ],
      [
       7.4636849,
       46.9968783
      ],
      [
       7.4636793,
       46.9968782
      ],
      [
       7.463529,
       46.9968285
      ],
      [
       7.4632065,
       46.9967276
      ],
      [
       7.4630262,
       46.9966675
      ],
      [
       7.4628414,
       46.9966075
      ],
      [
       7.462819,
       46.9965944
      ],
      [
       7.4628183,
       46.9965921
      ],
      [
       7.4628193,
       46.9965899
      ],
      [
       7.4628394,
       46.9965712
      ],
      [
       7.4628221,
       46.9965591
      ],
      [
       7.4628054,
       46.9965427
      ],
      [
       7.4627924,
       46.9965237
      ],
      [
       7.4627859,
       46.9965081
      ],
      [
       7.4627824,
       46.9964922
      ],
      [
       7.4627821,
       46.9964753
      ],
      [
       7.4627851,
       46.9964595
      ],
      [
       7.4628181,
       46.9963469
      ],
      [
       7.4628176,
       46.9963441
      ],
      [
       7.4628602,
       46.996199
      ],
      [
       7.4629125,
       46.9959883
      ],
      [
       7.4629771,
       46.9958159
      ],
      [
       7.4630118,
       46.9957584
      ],
      [
       7.4631253,
       46.9955948
      ],
      [
       7.4631285,
       46.9955926
      ],
      [
       7.4631331,
       46.9955924
      ],
      [
       7.4632901,
       46.9956282
      ],
      [
       7.4632926,
       46.9956303
      ],
      [
       7.4632928,
       46.9956331
      ],
      [
       7.4632782,
       46.9956632
      ],
      [
       7.4635031,
       46.9957141
      ],
      [
       7.4635072,
       46.9957167
      ],
      [
       7.4635073,
       46.9957197
      ],
      [
       7.4633536,
       46.9960386
      ],
      [
       7.4639442,
       46.9961718
      ],
      [
       7.4639483,
       46.9961745
      ],
      [
       7.4639481,
       46.9961781
      ],
      [
       7.4640098,
       46.9961926
      ]
     ],
     [
      [
       7.4639473,
       46.9961798
      ],
      [
       7.4639644,
       46.9961837
      ],
      [
       7.4639477,
       46.9961789
      ],
      [
       7.4639473,
       46.9961798
      ]
     ]
    ]
   },
   "properties": {
    "fid": 68,
    "egrid": null,
    "site_fid": 161,
    "parcel_number": "225, 1433",
    "municipality_bfs": null,
    "address_street": "Eichenweg",
    "address_house_number": "2/4",
    "address_postal_code": null,
    "address_locality": "Zollikofen",
    "address_region": null,
    "address_country": null,
    "address_full": "Eichenweg 2/4, Zollikofen",
    "owner": 1,
    "responsible_actor_fid": 2,
    "area_m2": 7550.9,
    "perimeter": 400.14125333985055,
    "lv95_east": 2601885.37,
    "lv95_north": 1205020.1
   }
  },
  {
   "type": "Feature",
   "id": 69,
   "geometry": {
    "type": "Polygon",
    "coordinates": [
     [
      [
       6.9449387,
       46.8126325
      ],
      [
       6.9450163,
       46.8126803
      ],
      [
       6.9448871,
       46.8127594
      ],
      [
       6.9448682,
       46.8127479
      ],
      [
       6.9445943,
       46.8129319
      ],
      [
       6.9446322,
       46.8129626
      ],
      [
       6.9446889,
       46.8130022
      ],
      [
       6.9444302,
       46.8131567
      ],
      [
       6.9443507,
       46.8131001
      ],
      [
       6.9440531,
       46.813299
      ],
      [
       6.9441122,
       46.8133519
      ],
      [
       6.9442173,
       46.8134488
      ],
      [
       6.9443988,
       46.8136129
      ],
      [
       6.9444024,
       46.8136184
      ],
      [
       6.9444028,
       46.8136256
      ],
      [
       6.9444,
       46.8136314
      ],
      [
       6.9443945,
       46.8136361
      ],
      [
       6.9443629,
       46.8136533
      ],
      [
       6.9442828,
       46.8136947
      ],
      [
       6.9442744,
       46.8136967
      ],
      [
       6.9442673,
       46.8136968
      ],
      [
       6.9442603,
       46.8136957
      ],
      [
       6.9442527,
       46.8136925
      ],
      [
       6.9440638,
       46.8135217
      ],
      [
       6.94379,
       46.8132714
      ],
      [
       6.9437445,
       46.8132309
      ],
      [
       6.943742,
       46.8132298
      ],
      [
       6.9437242,
       46.8132166
      ],
      [
       6.9436961,
       46.8132354
      ],
      [
       6.9432166,
       46.8135746
      ],
      [
       6.9430252,
       46.8137117
      ],
      [
       6.9429447,
       46.8137672
      ],
      [
       6.9425387,
       46.8140538
      ],
      [
       6.9424649,
       46.8139764
      ],
      [
       6.9424335,
       46.8139463
      ],
      [
       6.9423924,
       46.8139015
      ],
      [
       6.9423172,
       46.8138238
      ],
      [
       6.9422804,
       46.813779
      ],
      [
       6.9421508,
       46.8136442
      ],
      [
       6.9420649,
       46.8135519
      ],
      [
       6.9420419,
       46.8135093
      ],
      [
       6.9418833,
       46.813232
      ],
      [
       6.9419148,
       46.8132257
      ],
      [
       6.94203,
       46.8131499
      ],
      [
       6.9424197,
       46.8128784
      ],
      [
       6.9419657,
       46.8125849
      ],
      [
       6.9418875,
       46.8126369
      ],
      [
       6.9416808,
       46.8124989
      ],
      [
       6.9421415,
       46.8121658
      ],
      [
       6.9419376,
       46.8120183
      ],
      [
       6.9419655,
       46.8119994
      ],
      [
       6.9424118,
       46.8117214
      ],
      [
       6.9422397,
       46.8115864
      ],
      [
       6.9424099,
       46.8114777
      ],
      [
       6.9426137,
       46.8116366
      ],
      [
       6.9419866,
       46.8120144
      ],
      [
       6.9423774,
       46.8122935
      ],
      [
       6.9419964,
       46.8125603
      ],
      [
       6.9424479,
       46.8128588
      ],
      [
       6.943016,
       46.812463
      ],
      [
       6.9430165,
       46.8124634
      ],
      [
       6.9432158,
       46.812316
      ],
      [
       6.9432161,
       46.8123032
      ],
      [
       6.943219,
       46.8122901
      ],
      [
       6.9432246,
       46.8122774
      ],
      [
       6.9432327,
       46.8122654
      ],
      [
       6.9432432,
       46.8122543
      ],
      [
       6.9432492,
       46.8122491
      ],
      [
       6.9432898,
       46.8122216
      ],
      [
       6.9433073,
       46.8122128
      ],
      [
       6.9433166,
       46.812209
      ],
      [
       6.9433362,
       46.8122028
      ],
      [
       6.9433568,
       46.8121983
      ],
      [
       6.943378,
       46.8121956
      ],
      [
       6.9433996,
       46.8121948
      ],
      [
       6.9434173,
       46.8121957
      ],
      [
       6.9434308,
       46.812198
      ],
      [
       6.9434438,
       46.8122015
      ],
      [
       6.9434559,
       46.8122062
      ],
      [
       6.943467,
       46.812212
      ],
      [
       6.9434811,
       46.8122226
      ],
      [
       6.9434886,
       46.8122306
      ],
      [
       6.9434944,
       46.8122393
      ],
      [
       6.9434984,
       46.8122485
      ],
      [
       6.9435008,
       46.8122627
      ],
      [
       6.9437805,
       46.8120573
      ],
      [
       6.9437893,
       46.8120529
      ],
      [
       6.9437958,
       46.8120507
      ],
      [
       6.9438097,
       46.8120483
      ],
      [
       6.9438241,
       46.8120487
      ],
      [
       6.9438467,
       46.8120608
      ],
      [
       6.9440545,
       46.8121829
      ],
      [
       6.9443503,
       46.8123622
      ],
      [
       6.9443714,
       46.8123742
      ],
      [
       6.9443883,
       46.8123889
      ],
      [
       6.9444003,
       46.8124058
      ],
      [
       6.9444069,
       46.812424
      ],
      [
       6.9444077,
       46.8124428
      ],
      [
       6.9444051,
       46.8124552
      ],
      [
       6.9441125,
       46.8126736
      ],
      [
       6.9440969,
       46.8126776
      ],
      [
       6.9440805,
       46.8126801
      ],
      [
       6.944075,
       46.8126806
      ],
      [
       6.9438839,
       46.8125738
      ],
      [
       6.9437872,
       46.8125113
      ],
      [
       6.943453,
       46.8127647
      ],
      [
       6.9436971,
       46.8129872
      ],
      [
       6.943712,
       46.8129998
      ],
      [
       6.943719,
       46.8130022
      ],
      [
       6.9437287,
       46.8130032
      ],
      [
       6.9437364,
       46.8130025
      ],
      [
       6.9437436,
       46.8130004
      ],
      [
       6.9438693,
       46.8129351
      ],
      [
       6.9439149,
       46.8129126
      ],
      [
       6.9441184,
       46.8128011
      ],
      [
       6.9441164,
       46.8127843
      ],
      [
       6.9441878,
       46.8127392
      ],
      [
       6.9443611,
       46.8127426
      ],
      [
       6.9447052,
       46.8127456
      ],
      [
       6.94471,
       46.8127795
      ],
      [
       6.9448171,
       46.8127151
      ],
      [
       6.9449387,
       46.8126325
      ]
     ]
    ]
   },
   "properties": {
    "fid": 69,
    "egrid": null,
    "site_fid": 252,
    "parcel_number": null,
    "municipality_bfs": null,
    "address_street": "Chemin de l'Aérologie",
    "address_house_number": "1",
    "address_postal_code": null,
    "address_locality": "Payerne",
    "address_region": null,
    "address_country": null,
    "address_full": "Chemin de l'Aérologie 1, Payerne",
    "owner": 1,
    "responsible_actor_fid": null,
    "area_m2": 23728.5,
    "perimeter": 1473.8532980639925,
    "lv95_east": 2562173.87,
    "lv95_north": 1184743.58
   }
  },
  {
   "type": "Feature",
   "id": 70,
   "geometry": {
    "type": "MultiPolygon",
    "coordinates": [
     [
      [
       [
        7.450614,
        47.0010707
       ],
       [
        7.4506725,
        47.0009809
       ],
       [
        7.4509019,
        47.0010554
       ],
       [
        7.4509382,
        47.0010028
       ],
       [
        7.4512641,
        47.0011082
       ],
       [
        7.4513173,
        47.0010313
       ],
       [
        7.4516396,
        47.0010938
       ],
       [
        7.452341,
        47.0019841
       ],
       [
        7.4523567,
        47.0020257
       ],
       [
        7.4523366,
        47.0020293
       ],
       [
        7.4522883,
        47.0020948
       ],
       [
        7.4519716,
        47.0021431
       ],
       [
        7.4517032,
        47.0021892
       ],
       [
        7.4514342,
        47.0022423
       ],
       [
        7.4511172,
        47.0023098
       ],
       [
        7.4510158,
        47.0023301
       ],
       [
        7.4509035,
        47.0023507
       ],
       [
        7.4505293,
        47.0021133
       ],
       [
        7.4502176,
        47.0018914
       ],
       [
        7.4501978,
        47.0019032
       ],
       [
        7.4498403,
        47.0016782
       ],
       [
        7.4498463,
        47.0016743
       ],
       [
        7.4498531,
        47.0016712
       ],
       [
        7.4498604,
        47.0016689
       ],
       [
        7.4498682,
        47.0016674
       ],
       [
        7.4499011,
        47.0016627
       ],
       [
        7.4499082,
        47.0016612
       ],
       [
        7.449915,
        47.0016589
       ],
       [
        7.4499211,
        47.0016559
       ],
       [
        7.4499265,
        47.0016523
       ],
       [
        7.4504255,
        47.0012666
       ],
       [
        7.4505259,
        47.0011747
       ],
       [
        7.450614,
        47.0010707
       ]
      ]
     ]
    ]
   },
   "properties": {
    "fid": 70,
    "egrid": null,
    "site_fid": 255,
    "parcel_number": "112",
    "municipality_bfs": null,
    "address_street": "Kirchlindachstrasse",
    "address_house_number": "79",
    "address_postal_code": null,
    "address_locality": "Zollikofen",
    "address_region": null,
    "address_country": null,
    "address_full": "Kirchlindachstrasse 79, Zollikofen",
    "owner": 1,
    "responsible_actor_fid": 2,
    "area_m2": 17477.5,
    "perimeter": 537.8375033607255,
    "lv95_east": 2600939.69,
    "lv95_north": 1205623.35
   }
  },
  {
   "type": "Feature",
   "id": 71,
   "geometry": {
    "type": "Polygon",
    "coordinates": [
     [
      [
       7.462956,
       46.9987593
      ],
      [
       7.4629047,
       46.9988643
      ],
      [
       7.4629008,
       46.9988685
      ],
      [
       7.4628735,
       46.998932
      ],
      [
       7.4628698,
       46.998934
      ],
      [
       7.4628674,
       46.9989368
      ],
      [
       7.4628354,
       46.9990056
      ],
      [
       7.4627526,
       46.9990122
      ],
      [
       7.4627463,
       46.9990143
      ],
      [
       7.4627427,
       46.9990178
      ],
      [
       7.4624358,
       46.9996955
      ],
      [
       7.4624162,
       46.9996484
      ],
      [
       7.4623583,
       46.9995291
      ],
      [
       7.4622771,
       46.9993569
      ],
      [
       7.4622727,
       46.9993045
      ],
      [
       7.46226,
       46.9992467
      ],
      [
       7.4622155,
       46.9991374
      ],
      [
       7.4622132,
       46.9991347
      ],
      [
       7.4622033,
       46.9991274
      ],
      [
       7.4621887,
       46.9991072
      ],
      [
       7.4621677,
       46.9990505
      ],
      [
       7.4621444,
       46.9989749
      ],
      [
       7.4620768,
       46.998767
      ],
      [
       7.462028,
       46.9986779
      ],
      [
       7.4619791,
       46.9982616
      ],
      [
       7.4619575,
       46.9978119
      ],
      [
       7.4619558,
       46.9978092
      ],
      [
       7.4619529,
       46.9978069
      ],
      [
       7.4619491,
       46.9978055
      ],
      [
       7.4619449,
       46.997805
      ],
      [
       7.4618446,
       46.9978135
      ],
      [
       7.4618548,
       46.9977563
      ],
      [
       7.4618596,
       46.9977539
      ],
      [
       7.4618623,
       46.9977504
      ],
      [
       7.4618684,
       46.9977275
      ],
      [
       7.4618673,
       46.997722
      ],
      [
       7.4618625,
       46.9977183
      ],
      [
       7.4619062,
       46.9975336
      ],
      [
       7.461906,
       46.99753
      ],
      [
       7.461904,
       46.9975268
      ],
      [
       7.4619223,
       46.9974598
      ],
      [
       7.4619427,
       46.997392
      ],
      [
       7.4619639,
       46.9973256
      ],
      [
       7.4619978,
       46.9972318
      ],
      [
       7.4620013,
       46.9972189
      ],
      [
       7.462134,
       46.9969236
      ],
      [
       7.4622612,
       46.9966882
      ],
      [
       7.4623202,
       46.9965919
      ],
      [
       7.4623793,
       46.9964996
      ],
      [
       7.4628583,
       46.9966754
      ],
      [
       7.4628559,
       46.9966787
      ],
      [
       7.4628556,
       46.9966829
      ],
      [
       7.4628581,
       46.9966866
      ],
      [
       7.4628621,
       46.996689
      ],
      [
       7.4630942,
       46.9967647
      ],
      [
       7.4633132,
       46.9968337
      ],
      [
       7.4634857,
       46.9968892
      ],
      [
       7.4636557,
       46.9969466
      ],
      [
       7.4637317,
       46.9969785
      ],
      [
       7.4637374,
       46.9969841
      ],
      [
       7.4637601,
       46.9969968
      ],
      [
       7.4637532,
       46.997012
      ],
      [
       7.4636892,
       46.9969983
      ],
      [
       7.4636847,
       46.9969984
      ],
      [
       7.4636805,
       46.9969994
      ],
      [
       7.463677,
       46.9970013
      ],
      [
       7.4636747,
       46.997004
      ],
      [
       7.4636312,
       46.9971004
      ],
      [
       7.4636316,
       46.9971056
      ],
      [
       7.4636364,
       46.99711
      ],
      [
       7.4634092,
       46.9976104
      ],
      [
       7.4634095,
       46.9976152
      ],
      [
       7.4634128,
       46.9976189
      ],
      [
       7.4634173,
       46.9976209
      ],
      [
       7.4634282,
       46.9976232
      ],
      [
       7.4633861,
       46.9976949
      ],
      [
       7.4636063,
       46.9977517
      ],
      [
       7.4633908,
       46.9981338
      ],
      [
       7.4631383,
       46.9987922
      ],
      [
       7.462956,
       46.9987593
      ]
     ]
    ]
   },
   "properties": {
    "fid": 71,
    "egrid": null,
    "site_fid": 261,
    "parcel_number": null,
    "municipality_bfs": null,
    "address_street": "Eichenweg",
    "address_house_number": "1-7",
    "address_postal_code": "3052",
    "address_locality": "Zollikofen",
    "address_region": null,
    "address_country": null,
    "address_full": "Eichenweg 1-7, 3052 Zollikofen",
    "owner": 1,
    "responsible_actor_fid": 2,
    "area_m2": 28657.2,
    "perimeter": 854.2222943624325,
    "lv95_east": 2601832.41,
    "lv95_north": 1205213.18
   }
  },
  {
   "type": "Feature",
   "id": 72,
   "geometry": {
    "type": "MultiPolygon",
    "coordinates": [
     [
      [
       [
        7.4618813,
        46.9564369
       ],
       [
        7.4618195,
        46.9563526
       ],
       [
        7.4617511,
        46.956377
       ],
       [
        7.4613853,
        46.9558975
       ],
       [
        7.4604916,
        46.9547261
       ],
       [
        7.4608591,
        46.9545754
       ],
       [
        7.4609408,
        46.9545379
       ],
       [
        7.4610207,
        46.9544973
       ],
       [
        7.4611025,
        46.9544598
       ],
       [
        7.4615042,
        46.954295
       ],
       [
        7.4615314,
        46.9542817
       ],
       [
        7.4615552,
        46.9542657
       ],
       [
        7.4615677,
        46.9542534
       ],
       [
        7.4615762,
        46.9542396
       ],
       [
        7.4619367,
        46.9540875
       ],
       [
        7.4621378,
        46.9542868
       ],
       [
        7.4624595,
        46.9546057
       ],
       [
        7.46306,
        46.9552009
       ],
       [
        7.4635399,
        46.9556766
       ],
       [
        7.4635565,
        46.955693
       ],
       [
        7.4636698,
        46.9558053
       ],
       [
        7.4636606,
        46.9558097
       ],
       [
        7.4636061,
        46.9557839
       ],
       [
        7.4635397,
        46.955775
       ],
       [
        7.4633014,
        46.9558645
       ],
       [
        7.4632838,
        46.9558789
       ],
       [
        7.4632765,
        46.9558972
       ],
       [
        7.463282,
        46.955915
       ],
       [
        7.4633577,
        46.9560135
       ],
       [
        7.4632304,
        46.956059
       ],
       [
        7.4632268,
        46.9560543
       ],
       [
        7.4626411,
        46.9562646
       ],
       [
        7.4626205,
        46.9562381
       ],
       [
        7.4625083,
        46.9562146
       ],
       [
        7.4618813,
        46.9564369
       ]
      ]
     ]
    ]
   },
   "properties": {
    "fid": 72,
    "egrid": null,
    "site_fid": 262,
    "parcel_number": "3958",
    "municipality_bfs": null,
    "address_street": "Papiermühlestrasse",
    "address_house_number": "14/20",
    "address_postal_code": null,
    "address_locality": "Bern",
    "address_region": null,
    "address_country": null,
    "address_full": "Papiermühlestrasse 14/20, Bern",
    "owner": 1,
    "responsible_actor_fid": 2,
    "area_m2": 32732.3,
    "perimeter": 765.1812140498785,
    "lv95_east": 2601791.51,
    "lv95_north": 1200484.53
   }
  },
  {
   "type": "Feature",
   "id": 73,
   "geometry": {
    "type": "MultiPolygon",
    "coordinates": [
     [
      [
       [
        7.421428,
        46.9294531
       ],
       [
        7.4213642,
        46.9293876
       ],
       [
        7.4211713,
        46.9291907
       ],
       [
        7.4211517,
        46.9291755
       ],
       [
        7.4229827,
        46.9283335
       ],
       [
        7.4231441,
        46.9284034
       ],
       [
        7.4231821,
        46.9284248
       ],
       [
        7.4232123,
        46.9284514
       ],
       [
        7.423281,
        46.9285288
       ],
       [
        7.4232877,
        46.9285389
       ],
       [
        7.4232915,
        46.9285497
       ],
       [
        7.4232922,
        46.9285607
       ],
       [
        7.4232897,
        46.9285717
       ],
       [
        7.4232848,
        46.9285902
       ],
       [
        7.4232144,
        46.9286224
       ],
       [
        7.4232185,
        46.9286269
       ],
       [
        7.4229857,
        46.928734
       ],
       [
        7.4229602,
        46.9287478
       ],
       [
        7.4229379,
        46.9287641
       ],
       [
        7.4228962,
        46.9287915
       ],
       [
        7.4218349,
        46.9292794
       ],
       [
        7.4216336,
        46.9293706
       ],
       [
        7.4214824,
        46.9294358
       ],
       [
        7.421479,
        46.9294321
       ],
       [
        7.421428,
        46.9294531
       ]
      ]
     ],
     [
      [
       [
        7.4216256,
        46.9310009
       ],
       [
        7.4213635,
        46.9311224
       ],
       [
        7.4212114,
        46.931193
       ],
       [
        7.4210277,
        46.9312782
       ],
       [
        7.4210238,
        46.9312744
       ],
       [
        7.4209847,
        46.931218
       ],
       [
        7.420953,
        46.9311706
       ],
       [
        7.4209217,
        46.9311261
       ],
       [
        7.4208882,
        46.9310821
       ],
       [
        7.4208541,
        46.9310387
       ],
       [
        7.4208241,
        46.9310037
       ],
       [
        7.4208393,
        46.9309968
       ],
       [
        7.4207858,
        46.9309379
       ],
       [
        7.4207701,
        46.9309446
       ],
       [
        7.420702,
        46.9308704
       ],
       [
        7.4206424,
        46.9308063
       ],
       [
        7.4205385,
        46.9306932
       ],
       [
        7.4205048,
        46.9306545
       ],
       [
        7.4204722,
        46.9306155
       ],
       [
        7.420435,
        46.9305673
       ],
       [
        7.4203674,
        46.9304696
       ],
       [
        7.4202331,
        46.930261
       ],
       [
        7.4202012,
        46.9301917
       ],
       [
        7.4201979,
        46.9301735
       ],
       [
        7.4201994,
        46.9301552
       ],
       [
        7.4202029,
        46.9301525
       ],
       [
        7.4203453,
        46.9300869
       ],
       [
        7.4217047,
        46.9294617
       ],
       [
        7.4226912,
        46.9290082
       ],
       [
        7.4227032,
        46.9290201
       ],
       [
        7.4233235,
        46.9287345
       ],
       [
        7.423399,
        46.9287
       ],
       [
        7.4234592,
        46.9286783
       ],
       [
        7.4235249,
        46.928666
       ],
       [
        7.4235658,
        46.9286636
       ],
       [
        7.4236068,
        46.9286652
       ],
       [
        7.4236621,
        46.9286733
       ],
       [
        7.423714,
        46.9286887
       ],
       [
        7.4240969,
        46.9288383
       ],
       [
        7.4241312,
        46.9288488
       ],
       [
        7.4241674,
        46.9288557
       ],
       [
        7.4243365,
        46.9289211
       ],
       [
        7.4244162,
        46.92895
       ],
       [
        7.4243661,
        46.9290127
       ],
       [
        7.4250343,
        46.9292619
       ],
       [
        7.424788,
        46.9295495
       ],
       [
        7.4251653,
        46.9296901
       ],
       [
        7.4250306,
        46.9298359
       ],
       [
        7.4249584,
        46.9298691
       ],
       [
        7.4249217,
        46.929886
       ],
       [
        7.4246496,
        46.9300121
       ],
       [
        7.4243973,
        46.930129
       ],
       [
        7.4241445,
        46.9302461
       ],
       [
        7.4237489,
        46.9304294
       ],
       [
        7.4234629,
        46.930562
       ],
       [
        7.4231219,
        46.9307202
       ],
       [
        7.4229223,
        46.9308127
       ],
       [
        7.4228868,
        46.9307791
       ],
       [
        7.4227945,
        46.9308219
       ],
       [
        7.4225371,
        46.9305782
       ],
       [
        7.4220151,
        46.9308203
       ],
       [
        7.4218143,
        46.9309134
       ],
       [
        7.4216256,
        46.9310009
       ]
      ]
     ]
    ]
   },
   "properties": {
    "fid": 73,
    "egrid": null,
    "site_fid": 263,
    "parcel_number": "16",
    "municipality_bfs": null,
    "address_street": "Schwarzenburgstrasse 151/155/161/179/165",
    "address_house_number": null,
    "address_postal_code": null,
    "address_locality": "Liebefeld",
    "address_region": null,
    "address_country": null,
    "address_full": "Schwarzenburgstrasse 151/155/161/179/165, Liebefeld",
    "owner": 1,
    "responsible_actor_fid": 2,
    "area_m2": 62316.8,
    "perimeter": 1474.2227813116358,
    "lv95_east": 2598787.84,
    "lv95_north": 1197650.66
   }
  }
 ]
}